Date,Year,Quarter,MonthNumber,MonthName,YearMonth,WeekNumber,DayName,IsWeekend
1/1/2021,2021,Q1,1,January,2021-Jan,53,Friday,FALSE
1/2/2021,2021,Q1,1,January,2021-Jan,53,Saturday,TRUE
1/3/2021,2021,Q1,1,January,2021-Jan,53,Sunday,TRUE
1/4/2021,2021,Q1,1,January,2021-Jan,1,Monday,FALSE
1/5/2021,2021,Q1,1,January,2021-Jan,1,Tuesday,FALSE
1/6/2021,2021,Q1,1,January,2021-Jan,1,Wednesday,FALSE
1/7/2021,2021,Q1,1,January,2021-Jan,1,Thursday,FALSE
1/8/2021,2021,Q1,1,January,2021-Jan,1,Friday,FALSE
1/9/2021,2021,Q1,1,January,2021-Jan,1,Saturday,TRUE
1/10/2021,2021,Q1,1,January,2021-Jan,1,Sunday,TRUE
1/11/2021,2021,Q1,1,January,2021-Jan,2,Monday,FALSE
1/12/2021,2021,Q1,1,January,2021-Jan,2,Tuesday,FALSE
1/13/2021,2021,Q1,1,January,2021-Jan,2,Wednesday,FALSE
1/14/2021,2021,Q1,1,January,2021-Jan,2,Thursday,FALSE
1/15/2021,2021,Q1,1,January,2021-Jan,2,Friday,FALSE
1/16/2021,2021,Q1,1,January,2021-Jan,2,Saturday,TRUE
1/17/2021,2021,Q1,1,January,2021-Jan,2,Sunday,TRUE
1/18/2021,2021,Q1,1,January,2021-Jan,3,Monday,FALSE
1/19/2021,2021,Q1,1,January,2021-Jan,3,Tuesday,FALSE
1/20/2021,2021,Q1,1,January,2021-Jan,3,Wednesday,FALSE
1/21/2021,2021,Q1,1,January,2021-Jan,3,Thursday,FALSE
1/22/2021,2021,Q1,1,January,2021-Jan,3,Friday,FALSE
1/23/2021,2021,Q1,1,January,2021-Jan,3,Saturday,TRUE
1/24/2021,2021,Q1,1,January,2021-Jan,3,Sunday,TRUE
1/25/2021,2021,Q1,1,January,2021-Jan,4,Monday,FALSE
1/26/2021,2021,Q1,1,January,2021-Jan,4,Tuesday,FALSE
1/27/2021,2021,Q1,1,January,2021-Jan,4,Wednesday,FALSE
1/28/2021,2021,Q1,1,January,2021-Jan,4,Thursday,FALSE
1/29/2021,2021,Q1,1,January,2021-Jan,4,Friday,FALSE
1/30/2021,2021,Q1,1,January,2021-Jan,4,Saturday,TRUE
1/31/2021,2021,Q1,1,January,2021-Jan,4,Sunday,TRUE
2/1/2021,2021,Q1,2,February,2021-Feb,5,Monday,FALSE
2/2/2021,2021,Q1,2,February,2021-Feb,5,Tuesday,FALSE
2/3/2021,2021,Q1,2,February,2021-Feb,5,Wednesday,FALSE
2/4/2021,2021,Q1,2,February,2021-Feb,5,Thursday,FALSE
2/5/2021,2021,Q1,2,February,2021-Feb,5,Friday,FALSE
2/6/2021,2021,Q1,2,February,2021-Feb,5,Saturday,TRUE
2/7/2021,2021,Q1,2,February,2021-Feb,5,Sunday,TRUE
2/8/2021,2021,Q1,2,February,2021-Feb,6,Monday,FALSE
2/9/2021,2021,Q1,2,February,2021-Feb,6,Tuesday,FALSE
2/10/2021,2021,Q1,2,February,2021-Feb,6,Wednesday,FALSE
2/11/2021,2021,Q1,2,February,2021-Feb,6,Thursday,FALSE
2/12/2021,2021,Q1,2,February,2021-Feb,6,Friday,FALSE
2/13/2021,2021,Q1,2,February,2021-Feb,6,Saturday,TRUE
2/14/2021,2021,Q1,2,February,2021-Feb,6,Sunday,TRUE
2/15/2021,2021,Q1,2,February,2021-Feb,7,Monday,FALSE
2/16/2021,2021,Q1,2,February,2021-Feb,7,Tuesday,FALSE
2/17/2021,2021,Q1,2,February,2021-Feb,7,Wednesday,FALSE
2/18/2021,2021,Q1,2,February,2021-Feb,7,Thursday,FALSE
2/19/2021,2021,Q1,2,February,2021-Feb,7,Friday,FALSE
2/20/2021,2021,Q1,2,February,2021-Feb,7,Saturday,TRUE
2/21/2021,2021,Q1,2,February,2021-Feb,7,Sunday,TRUE
2/22/2021,2021,Q1,2,February,2021-Feb,8,Monday,FALSE
2/23/2021,2021,Q1,2,February,2021-Feb,8,Tuesday,FALSE
2/24/2021,2021,Q1,2,February,2021-Feb,8,Wednesday,FALSE
2/25/2021,2021,Q1,2,February,2021-Feb,8,Thursday,FALSE
2/26/2021,2021,Q1,2,February,2021-Feb,8,Friday,FALSE
2/27/2021,2021,Q1,2,February,2021-Feb,8,Saturday,TRUE
2/28/2021,2021,Q1,2,February,2021-Feb,8,Sunday,TRUE
3/1/2021,2021,Q1,3,March,2021-Mar,9,Monday,FALSE
3/2/2021,2021,Q1,3,March,2021-Mar,9,Tuesday,FALSE
3/3/2021,2021,Q1,3,March,2021-Mar,9,Wednesday,FALSE
3/4/2021,2021,Q1,3,March,2021-Mar,9,Thursday,FALSE
3/5/2021,2021,Q1,3,March,2021-Mar,9,Friday,FALSE
3/6/2021,2021,Q1,3,March,2021-Mar,9,Saturday,TRUE
3/7/2021,2021,Q1,3,March,2021-Mar,9,Sunday,TRUE
3/8/2021,2021,Q1,3,March,2021-Mar,10,Monday,FALSE
3/9/2021,2021,Q1,3,March,2021-Mar,10,Tuesday,FALSE
3/10/2021,2021,Q1,3,March,2021-Mar,10,Wednesday,FALSE
3/11/2021,2021,Q1,3,March,2021-Mar,10,Thursday,FALSE
3/12/2021,2021,Q1,3,March,2021-Mar,10,Friday,FALSE
3/13/2021,2021,Q1,3,March,2021-Mar,10,Saturday,TRUE
3/14/2021,2021,Q1,3,March,2021-Mar,10,Sunday,TRUE
3/15/2021,2021,Q1,3,March,2021-Mar,11,Monday,FALSE
3/16/2021,2021,Q1,3,March,2021-Mar,11,Tuesday,FALSE
3/17/2021,2021,Q1,3,March,2021-Mar,11,Wednesday,FALSE
3/18/2021,2021,Q1,3,March,2021-Mar,11,Thursday,FALSE
3/19/2021,2021,Q1,3,March,2021-Mar,11,Friday,FALSE
3/20/2021,2021,Q1,3,March,2021-Mar,11,Saturday,TRUE
3/21/2021,2021,Q1,3,March,2021-Mar,11,Sunday,TRUE
3/22/2021,2021,Q1,3,March,2021-Mar,12,Monday,FALSE
3/23/2021,2021,Q1,3,March,2021-Mar,12,Tuesday,FALSE
3/24/2021,2021,Q1,3,March,2021-Mar,12,Wednesday,FALSE
3/25/2021,2021,Q1,3,March,2021-Mar,12,Thursday,FALSE
3/26/2021,2021,Q1,3,March,2021-Mar,12,Friday,FALSE
3/27/2021,2021,Q1,3,March,2021-Mar,12,Saturday,TRUE
3/28/2021,2021,Q1,3,March,2021-Mar,12,Sunday,TRUE
3/29/2021,2021,Q1,3,March,2021-Mar,13,Monday,FALSE
3/30/2021,2021,Q1,3,March,2021-Mar,13,Tuesday,FALSE
3/31/2021,2021,Q1,3,March,2021-Mar,13,Wednesday,FALSE
4/1/2021,2021,Q2,4,April,2021-Apr,13,Thursday,FALSE
4/2/2021,2021,Q2,4,April,2021-Apr,13,Friday,FALSE
4/3/2021,2021,Q2,4,April,2021-Apr,13,Saturday,TRUE
4/4/2021,2021,Q2,4,April,2021-Apr,13,Sunday,TRUE
4/5/2021,2021,Q2,4,April,2021-Apr,14,Monday,FALSE
4/6/2021,2021,Q2,4,April,2021-Apr,14,Tuesday,FALSE
4/7/2021,2021,Q2,4,April,2021-Apr,14,Wednesday,FALSE
4/8/2021,2021,Q2,4,April,2021-Apr,14,Thursday,FALSE
4/9/2021,2021,Q2,4,April,2021-Apr,14,Friday,FALSE
4/10/2021,2021,Q2,4,April,2021-Apr,14,Saturday,TRUE
4/11/2021,2021,Q2,4,April,2021-Apr,14,Sunday,TRUE
4/12/2021,2021,Q2,4,April,2021-Apr,15,Monday,FALSE
4/13/2021,2021,Q2,4,April,2021-Apr,15,Tuesday,FALSE
4/14/2021,2021,Q2,4,April,2021-Apr,15,Wednesday,FALSE
4/15/2021,2021,Q2,4,April,2021-Apr,15,Thursday,FALSE
4/16/2021,2021,Q2,4,April,2021-Apr,15,Friday,FALSE
4/17/2021,2021,Q2,4,April,2021-Apr,15,Saturday,TRUE
4/18/2021,2021,Q2,4,April,2021-Apr,15,Sunday,TRUE
4/19/2021,2021,Q2,4,April,2021-Apr,16,Monday,FALSE
4/20/2021,2021,Q2,4,April,2021-Apr,16,Tuesday,FALSE
4/21/2021,2021,Q2,4,April,2021-Apr,16,Wednesday,FALSE
4/22/2021,2021,Q2,4,April,2021-Apr,16,Thursday,FALSE
4/23/2021,2021,Q2,4,April,2021-Apr,16,Friday,FALSE
4/24/2021,2021,Q2,4,April,2021-Apr,16,Saturday,TRUE
4/25/2021,2021,Q2,4,April,2021-Apr,16,Sunday,TRUE
4/26/2021,2021,Q2,4,April,2021-Apr,17,Monday,FALSE
4/27/2021,2021,Q2,4,April,2021-Apr,17,Tuesday,FALSE
4/28/2021,2021,Q2,4,April,2021-Apr,17,Wednesday,FALSE
4/29/2021,2021,Q2,4,April,2021-Apr,17,Thursday,FALSE
4/30/2021,2021,Q2,4,April,2021-Apr,17,Friday,FALSE
5/1/2021,2021,Q2,5,May,2021-May,17,Saturday,TRUE
5/2/2021,2021,Q2,5,May,2021-May,17,Sunday,TRUE
5/3/2021,2021,Q2,5,May,2021-May,18,Monday,FALSE
5/4/2021,2021,Q2,5,May,2021-May,18,Tuesday,FALSE
5/5/2021,2021,Q2,5,May,2021-May,18,Wednesday,FALSE
5/6/2021,2021,Q2,5,May,2021-May,18,Thursday,FALSE
5/7/2021,2021,Q2,5,May,2021-May,18,Friday,FALSE
5/8/2021,2021,Q2,5,May,2021-May,18,Saturday,TRUE
5/9/2021,2021,Q2,5,May,2021-May,18,Sunday,TRUE
5/10/2021,2021,Q2,5,May,2021-May,19,Monday,FALSE
5/11/2021,2021,Q2,5,May,2021-May,19,Tuesday,FALSE
5/12/2021,2021,Q2,5,May,2021-May,19,Wednesday,FALSE
5/13/2021,2021,Q2,5,May,2021-May,19,Thursday,FALSE
5/14/2021,2021,Q2,5,May,2021-May,19,Friday,FALSE
5/15/2021,2021,Q2,5,May,2021-May,19,Saturday,TRUE
5/16/2021,2021,Q2,5,May,2021-May,19,Sunday,TRUE
5/17/2021,2021,Q2,5,May,2021-May,20,Monday,FALSE
5/18/2021,2021,Q2,5,May,2021-May,20,Tuesday,FALSE
5/19/2021,2021,Q2,5,May,2021-May,20,Wednesday,FALSE
5/20/2021,2021,Q2,5,May,2021-May,20,Thursday,FALSE
5/21/2021,2021,Q2,5,May,2021-May,20,Friday,FALSE
5/22/2021,2021,Q2,5,May,2021-May,20,Saturday,TRUE
5/23/2021,2021,Q2,5,May,2021-May,20,Sunday,TRUE
5/24/2021,2021,Q2,5,May,2021-May,21,Monday,FALSE
5/25/2021,2021,Q2,5,May,2021-May,21,Tuesday,FALSE
5/26/2021,2021,Q2,5,May,2021-May,21,Wednesday,FALSE
5/27/2021,2021,Q2,5,May,2021-May,21,Thursday,FALSE
5/28/2021,2021,Q2,5,May,2021-May,21,Friday,FALSE
5/29/2021,2021,Q2,5,May,2021-May,21,Saturday,TRUE
5/30/2021,2021,Q2,5,May,2021-May,21,Sunday,TRUE
5/31/2021,2021,Q2,5,May,2021-May,22,Monday,FALSE
6/1/2021,2021,Q2,6,June,2021-Jun,22,Tuesday,FALSE
6/2/2021,2021,Q2,6,June,2021-Jun,22,Wednesday,FALSE
6/3/2021,2021,Q2,6,June,2021-Jun,22,Thursday,FALSE
6/4/2021,2021,Q2,6,June,2021-Jun,22,Friday,FALSE
6/5/2021,2021,Q2,6,June,2021-Jun,22,Saturday,TRUE
6/6/2021,2021,Q2,6,June,2021-Jun,22,Sunday,TRUE
6/7/2021,2021,Q2,6,June,2021-Jun,23,Monday,FALSE
6/8/2021,2021,Q2,6,June,2021-Jun,23,Tuesday,FALSE
6/9/2021,2021,Q2,6,June,2021-Jun,23,Wednesday,FALSE
6/10/2021,2021,Q2,6,June,2021-Jun,23,Thursday,FALSE
6/11/2021,2021,Q2,6,June,2021-Jun,23,Friday,FALSE
6/12/2021,2021,Q2,6,June,2021-Jun,23,Saturday,TRUE
6/13/2021,2021,Q2,6,June,2021-Jun,23,Sunday,TRUE
6/14/2021,2021,Q2,6,June,2021-Jun,24,Monday,FALSE
6/15/2021,2021,Q2,6,June,2021-Jun,24,Tuesday,FALSE
6/16/2021,2021,Q2,6,June,2021-Jun,24,Wednesday,FALSE
6/17/2021,2021,Q2,6,June,2021-Jun,24,Thursday,FALSE
6/18/2021,2021,Q2,6,June,2021-Jun,24,Friday,FALSE
6/19/2021,2021,Q2,6,June,2021-Jun,24,Saturday,TRUE
6/20/2021,2021,Q2,6,June,2021-Jun,24,Sunday,TRUE
6/21/2021,2021,Q2,6,June,2021-Jun,25,Monday,FALSE
6/22/2021,2021,Q2,6,June,2021-Jun,25,Tuesday,FALSE
6/23/2021,2021,Q2,6,June,2021-Jun,25,Wednesday,FALSE
6/24/2021,2021,Q2,6,June,2021-Jun,25,Thursday,FALSE
6/25/2021,2021,Q2,6,June,2021-Jun,25,Friday,FALSE
6/26/2021,2021,Q2,6,June,2021-Jun,25,Saturday,TRUE
6/27/2021,2021,Q2,6,June,2021-Jun,25,Sunday,TRUE
6/28/2021,2021,Q2,6,June,2021-Jun,26,Monday,FALSE
6/29/2021,2021,Q2,6,June,2021-Jun,26,Tuesday,FALSE
6/30/2021,2021,Q2,6,June,2021-Jun,26,Wednesday,FALSE
7/1/2021,2021,Q3,7,July,2021-Jul,26,Thursday,FALSE
7/2/2021,2021,Q3,7,July,2021-Jul,26,Friday,FALSE
7/3/2021,2021,Q3,7,July,2021-Jul,26,Saturday,TRUE
7/4/2021,2021,Q3,7,July,2021-Jul,26,Sunday,TRUE
7/5/2021,2021,Q3,7,July,2021-Jul,27,Monday,FALSE
7/6/2021,2021,Q3,7,July,2021-Jul,27,Tuesday,FALSE
7/7/2021,2021,Q3,7,July,2021-Jul,27,Wednesday,FALSE
7/8/2021,2021,Q3,7,July,2021-Jul,27,Thursday,FALSE
7/9/2021,2021,Q3,7,July,2021-Jul,27,Friday,FALSE
7/10/2021,2021,Q3,7,July,2021-Jul,27,Saturday,TRUE
7/11/2021,2021,Q3,7,July,2021-Jul,27,Sunday,TRUE
7/12/2021,2021,Q3,7,July,2021-Jul,28,Monday,FALSE
7/13/2021,2021,Q3,7,July,2021-Jul,28,Tuesday,FALSE
7/14/2021,2021,Q3,7,July,2021-Jul,28,Wednesday,FALSE
7/15/2021,2021,Q3,7,July,2021-Jul,28,Thursday,FALSE
7/16/2021,2021,Q3,7,July,2021-Jul,28,Friday,FALSE
7/17/2021,2021,Q3,7,July,2021-Jul,28,Saturday,TRUE
7/18/2021,2021,Q3,7,July,2021-Jul,28,Sunday,TRUE
7/19/2021,2021,Q3,7,July,2021-Jul,29,Monday,FALSE
7/20/2021,2021,Q3,7,July,2021-Jul,29,Tuesday,FALSE
7/21/2021,2021,Q3,7,July,2021-Jul,29,Wednesday,FALSE
7/22/2021,2021,Q3,7,July,2021-Jul,29,Thursday,FALSE
7/23/2021,2021,Q3,7,July,2021-Jul,29,Friday,FALSE
7/24/2021,2021,Q3,7,July,2021-Jul,29,Saturday,TRUE
7/25/2021,2021,Q3,7,July,2021-Jul,29,Sunday,TRUE
7/26/2021,2021,Q3,7,July,2021-Jul,30,Monday,FALSE
7/27/2021,2021,Q3,7,July,2021-Jul,30,Tuesday,FALSE
7/28/2021,2021,Q3,7,July,2021-Jul,30,Wednesday,FALSE
7/29/2021,2021,Q3,7,July,2021-Jul,30,Thursday,FALSE
7/30/2021,2021,Q3,7,July,2021-Jul,30,Friday,FALSE
7/31/2021,2021,Q3,7,July,2021-Jul,30,Saturday,TRUE
8/1/2021,2021,Q3,8,August,2021-Aug,30,Sunday,TRUE
8/2/2021,2021,Q3,8,August,2021-Aug,31,Monday,FALSE
8/3/2021,2021,Q3,8,August,2021-Aug,31,Tuesday,FALSE
8/4/2021,2021,Q3,8,August,2021-Aug,31,Wednesday,FALSE
8/5/2021,2021,Q3,8,August,2021-Aug,31,Thursday,FALSE
8/6/2021,2021,Q3,8,August,2021-Aug,31,Friday,FALSE
8/7/2021,2021,Q3,8,August,2021-Aug,31,Saturday,TRUE
8/8/2021,2021,Q3,8,August,2021-Aug,31,Sunday,TRUE
8/9/2021,2021,Q3,8,August,2021-Aug,32,Monday,FALSE
8/10/2021,2021,Q3,8,August,2021-Aug,32,Tuesday,FALSE
8/11/2021,2021,Q3,8,August,2021-Aug,32,Wednesday,FALSE
8/12/2021,2021,Q3,8,August,2021-Aug,32,Thursday,FALSE
8/13/2021,2021,Q3,8,August,2021-Aug,32,Friday,FALSE
8/14/2021,2021,Q3,8,August,2021-Aug,32,Saturday,TRUE
8/15/2021,2021,Q3,8,August,2021-Aug,32,Sunday,TRUE
8/16/2021,2021,Q3,8,August,2021-Aug,33,Monday,FALSE
8/17/2021,2021,Q3,8,August,2021-Aug,33,Tuesday,FALSE
8/18/2021,2021,Q3,8,August,2021-Aug,33,Wednesday,FALSE
8/19/2021,2021,Q3,8,August,2021-Aug,33,Thursday,FALSE
8/20/2021,2021,Q3,8,August,2021-Aug,33,Friday,FALSE
8/21/2021,2021,Q3,8,August,2021-Aug,33,Saturday,TRUE
8/22/2021,2021,Q3,8,August,2021-Aug,33,Sunday,TRUE
8/23/2021,2021,Q3,8,August,2021-Aug,34,Monday,FALSE
8/24/2021,2021,Q3,8,August,2021-Aug,34,Tuesday,FALSE
8/25/2021,2021,Q3,8,August,2021-Aug,34,Wednesday,FALSE
8/26/2021,2021,Q3,8,August,2021-Aug,34,Thursday,FALSE
8/27/2021,2021,Q3,8,August,2021-Aug,34,Friday,FALSE
8/28/2021,2021,Q3,8,August,2021-Aug,34,Saturday,TRUE
8/29/2021,2021,Q3,8,August,2021-Aug,34,Sunday,TRUE
8/30/2021,2021,Q3,8,August,2021-Aug,35,Monday,FALSE
8/31/2021,2021,Q3,8,August,2021-Aug,35,Tuesday,FALSE
9/1/2021,2021,Q3,9,September,2021-Sep,35,Wednesday,FALSE
9/2/2021,2021,Q3,9,September,2021-Sep,35,Thursday,FALSE
9/3/2021,2021,Q3,9,September,2021-Sep,35,Friday,FALSE
9/4/2021,2021,Q3,9,September,2021-Sep,35,Saturday,TRUE
9/5/2021,2021,Q3,9,September,2021-Sep,35,Sunday,TRUE
9/6/2021,2021,Q3,9,September,2021-Sep,36,Monday,FALSE
9/7/2021,2021,Q3,9,September,2021-Sep,36,Tuesday,FALSE
9/8/2021,2021,Q3,9,September,2021-Sep,36,Wednesday,FALSE
9/9/2021,2021,Q3,9,September,2021-Sep,36,Thursday,FALSE
9/10/2021,2021,Q3,9,September,2021-Sep,36,Friday,FALSE
9/11/2021,2021,Q3,9,September,2021-Sep,36,Saturday,TRUE
9/12/2021,2021,Q3,9,September,2021-Sep,36,Sunday,TRUE
9/13/2021,2021,Q3,9,September,2021-Sep,37,Monday,FALSE
9/14/2021,2021,Q3,9,September,2021-Sep,37,Tuesday,FALSE
9/15/2021,2021,Q3,9,September,2021-Sep,37,Wednesday,FALSE
9/16/2021,2021,Q3,9,September,2021-Sep,37,Thursday,FALSE
9/17/2021,2021,Q3,9,September,2021-Sep,37,Friday,FALSE
9/18/2021,2021,Q3,9,September,2021-Sep,37,Saturday,TRUE
9/19/2021,2021,Q3,9,September,2021-Sep,37,Sunday,TRUE
9/20/2021,2021,Q3,9,September,2021-Sep,38,Monday,FALSE
9/21/2021,2021,Q3,9,September,2021-Sep,38,Tuesday,FALSE
9/22/2021,2021,Q3,9,September,2021-Sep,38,Wednesday,FALSE
9/23/2021,2021,Q3,9,September,2021-Sep,38,Thursday,FALSE
9/24/2021,2021,Q3,9,September,2021-Sep,38,Friday,FALSE
9/25/2021,2021,Q3,9,September,2021-Sep,38,Saturday,TRUE
9/26/2021,2021,Q3,9,September,2021-Sep,38,Sunday,TRUE
9/27/2021,2021,Q3,9,September,2021-Sep,39,Monday,FALSE
9/28/2021,2021,Q3,9,September,2021-Sep,39,Tuesday,FALSE
9/29/2021,2021,Q3,9,September,2021-Sep,39,Wednesday,FALSE
9/30/2021,2021,Q3,9,September,2021-Sep,39,Thursday,FALSE
10/1/2021,2021,Q4,10,October,2021-Oct,39,Friday,FALSE
10/2/2021,2021,Q4,10,October,2021-Oct,39,Saturday,TRUE
10/3/2021,2021,Q4,10,October,2021-Oct,39,Sunday,TRUE
10/4/2021,2021,Q4,10,October,2021-Oct,40,Monday,FALSE
10/5/2021,2021,Q4,10,October,2021-Oct,40,Tuesday,FALSE
10/6/2021,2021,Q4,10,October,2021-Oct,40,Wednesday,FALSE
10/7/2021,2021,Q4,10,October,2021-Oct,40,Thursday,FALSE
10/8/2021,2021,Q4,10,October,2021-Oct,40,Friday,FALSE
10/9/2021,2021,Q4,10,October,2021-Oct,40,Saturday,TRUE
10/10/2021,2021,Q4,10,October,2021-Oct,40,Sunday,TRUE
10/11/2021,2021,Q4,10,October,2021-Oct,41,Monday,FALSE
10/12/2021,2021,Q4,10,October,2021-Oct,41,Tuesday,FALSE
10/13/2021,2021,Q4,10,October,2021-Oct,41,Wednesday,FALSE
10/14/2021,2021,Q4,10,October,2021-Oct,41,Thursday,FALSE
10/15/2021,2021,Q4,10,October,2021-Oct,41,Friday,FALSE
10/16/2021,2021,Q4,10,October,2021-Oct,41,Saturday,TRUE
10/17/2021,2021,Q4,10,October,2021-Oct,41,Sunday,TRUE
10/18/2021,2021,Q4,10,October,2021-Oct,42,Monday,FALSE
10/19/2021,2021,Q4,10,October,2021-Oct,42,Tuesday,FALSE
10/20/2021,2021,Q4,10,October,2021-Oct,42,Wednesday,FALSE
10/21/2021,2021,Q4,10,October,2021-Oct,42,Thursday,FALSE
10/22/2021,2021,Q4,10,October,2021-Oct,42,Friday,FALSE
10/23/2021,2021,Q4,10,October,2021-Oct,42,Saturday,TRUE
10/24/2021,2021,Q4,10,October,2021-Oct,42,Sunday,TRUE
10/25/2021,2021,Q4,10,October,2021-Oct,43,Monday,FALSE
10/26/2021,2021,Q4,10,October,2021-Oct,43,Tuesday,FALSE
10/27/2021,2021,Q4,10,October,2021-Oct,43,Wednesday,FALSE
10/28/2021,2021,Q4,10,October,2021-Oct,43,Thursday,FALSE
10/29/2021,2021,Q4,10,October,2021-Oct,43,Friday,FALSE
10/30/2021,2021,Q4,10,October,2021-Oct,43,Saturday,TRUE
10/31/2021,2021,Q4,10,October,2021-Oct,43,Sunday,TRUE
11/1/2021,2021,Q4,11,November,2021-Nov,44,Monday,FALSE
11/2/2021,2021,Q4,11,November,2021-Nov,44,Tuesday,FALSE
11/3/2021,2021,Q4,11,November,2021-Nov,44,Wednesday,FALSE
11/4/2021,2021,Q4,11,November,2021-Nov,44,Thursday,FALSE
11/5/2021,2021,Q4,11,November,2021-Nov,44,Friday,FALSE
11/6/2021,2021,Q4,11,November,2021-Nov,44,Saturday,TRUE
11/7/2021,2021,Q4,11,November,2021-Nov,44,Sunday,TRUE
11/8/2021,2021,Q4,11,November,2021-Nov,45,Monday,FALSE
11/9/2021,2021,Q4,11,November,2021-Nov,45,Tuesday,FALSE
11/10/2021,2021,Q4,11,November,2021-Nov,45,Wednesday,FALSE
11/11/2021,2021,Q4,11,November,2021-Nov,45,Thursday,FALSE
11/12/2021,2021,Q4,11,November,2021-Nov,45,Friday,FALSE
11/13/2021,2021,Q4,11,November,2021-Nov,45,Saturday,TRUE
11/14/2021,2021,Q4,11,November,2021-Nov,45,Sunday,TRUE
11/15/2021,2021,Q4,11,November,2021-Nov,46,Monday,FALSE
11/16/2021,2021,Q4,11,November,2021-Nov,46,Tuesday,FALSE
11/17/2021,2021,Q4,11,November,2021-Nov,46,Wednesday,FALSE
11/18/2021,2021,Q4,11,November,2021-Nov,46,Thursday,FALSE
11/19/2021,2021,Q4,11,November,2021-Nov,46,Friday,FALSE
11/20/2021,2021,Q4,11,November,2021-Nov,46,Saturday,TRUE
11/21/2021,2021,Q4,11,November,2021-Nov,46,Sunday,TRUE
11/22/2021,2021,Q4,11,November,2021-Nov,47,Monday,FALSE
11/23/2021,2021,Q4,11,November,2021-Nov,47,Tuesday,FALSE
11/24/2021,2021,Q4,11,November,2021-Nov,47,Wednesday,FALSE
11/25/2021,2021,Q4,11,November,2021-Nov,47,Thursday,FALSE
11/26/2021,2021,Q4,11,November,2021-Nov,47,Friday,FALSE
11/27/2021,2021,Q4,11,November,2021-Nov,47,Saturday,TRUE
11/28/2021,2021,Q4,11,November,2021-Nov,47,Sunday,TRUE
11/29/2021,2021,Q4,11,November,2021-Nov,48,Monday,FALSE
11/30/2021,2021,Q4,11,November,2021-Nov,48,Tuesday,FALSE
12/1/2021,2021,Q4,12,December,2021-Dec,48,Wednesday,FALSE
12/2/2021,2021,Q4,12,December,2021-Dec,48,Thursday,FALSE
12/3/2021,2021,Q4,12,December,2021-Dec,48,Friday,FALSE
12/4/2021,2021,Q4,12,December,2021-Dec,48,Saturday,TRUE
12/5/2021,2021,Q4,12,December,2021-Dec,48,Sunday,TRUE
12/6/2021,2021,Q4,12,December,2021-Dec,49,Monday,FALSE
12/7/2021,2021,Q4,12,December,2021-Dec,49,Tuesday,FALSE
12/8/2021,2021,Q4,12,December,2021-Dec,49,Wednesday,FALSE
12/9/2021,2021,Q4,12,December,2021-Dec,49,Thursday,FALSE
12/10/2021,2021,Q4,12,December,2021-Dec,49,Friday,FALSE
12/11/2021,2021,Q4,12,December,2021-Dec,49,Saturday,TRUE
12/12/2021,2021,Q4,12,December,2021-Dec,49,Sunday,TRUE
12/13/2021,2021,Q4,12,December,2021-Dec,50,Monday,FALSE
12/14/2021,2021,Q4,12,December,2021-Dec,50,Tuesday,FALSE
12/15/2021,2021,Q4,12,December,2021-Dec,50,Wednesday,FALSE
12/16/2021,2021,Q4,12,December,2021-Dec,50,Thursday,FALSE
12/17/2021,2021,Q4,12,December,2021-Dec,50,Friday,FALSE
12/18/2021,2021,Q4,12,December,2021-Dec,50,Saturday,TRUE
12/19/2021,2021,Q4,12,December,2021-Dec,50,Sunday,TRUE
12/20/2021,2021,Q4,12,December,2021-Dec,51,Monday,FALSE
12/21/2021,2021,Q4,12,December,2021-Dec,51,Tuesday,FALSE
12/22/2021,2021,Q4,12,December,2021-Dec,51,Wednesday,FALSE
12/23/2021,2021,Q4,12,December,2021-Dec,51,Thursday,FALSE
12/24/2021,2021,Q4,12,December,2021-Dec,51,Friday,FALSE
12/25/2021,2021,Q4,12,December,2021-Dec,51,Saturday,TRUE
12/26/2021,2021,Q4,12,December,2021-Dec,51,Sunday,TRUE
12/27/2021,2021,Q4,12,December,2021-Dec,52,Monday,FALSE
12/28/2021,2021,Q4,12,December,2021-Dec,52,Tuesday,FALSE
12/29/2021,2021,Q4,12,December,2021-Dec,52,Wednesday,FALSE
12/30/2021,2021,Q4,12,December,2021-Dec,52,Thursday,FALSE
12/31/2021,2021,Q4,12,December,2021-Dec,52,Friday,FALSE
1/1/2022,2022,Q1,1,January,2022-Jan,52,Saturday,TRUE
1/2/2022,2022,Q1,1,January,2022-Jan,52,Sunday,TRUE
1/3/2022,2022,Q1,1,January,2022-Jan,1,Monday,FALSE
1/4/2022,2022,Q1,1,January,2022-Jan,1,Tuesday,FALSE
1/5/2022,2022,Q1,1,January,2022-Jan,1,Wednesday,FALSE
1/6/2022,2022,Q1,1,January,2022-Jan,1,Thursday,FALSE
1/7/2022,2022,Q1,1,January,2022-Jan,1,Friday,FALSE
1/8/2022,2022,Q1,1,January,2022-Jan,1,Saturday,TRUE
1/9/2022,2022,Q1,1,January,2022-Jan,1,Sunday,TRUE
1/10/2022,2022,Q1,1,January,2022-Jan,2,Monday,FALSE
1/11/2022,2022,Q1,1,January,2022-Jan,2,Tuesday,FALSE
1/12/2022,2022,Q1,1,January,2022-Jan,2,Wednesday,FALSE
1/13/2022,2022,Q1,1,January,2022-Jan,2,Thursday,FALSE
1/14/2022,2022,Q1,1,January,2022-Jan,2,Friday,FALSE
1/15/2022,2022,Q1,1,January,2022-Jan,2,Saturday,TRUE
1/16/2022,2022,Q1,1,January,2022-Jan,2,Sunday,TRUE
1/17/2022,2022,Q1,1,January,2022-Jan,3,Monday,FALSE
1/18/2022,2022,Q1,1,January,2022-Jan,3,Tuesday,FALSE
1/19/2022,2022,Q1,1,January,2022-Jan,3,Wednesday,FALSE
1/20/2022,2022,Q1,1,January,2022-Jan,3,Thursday,FALSE
1/21/2022,2022,Q1,1,January,2022-Jan,3,Friday,FALSE
1/22/2022,2022,Q1,1,January,2022-Jan,3,Saturday,TRUE
1/23/2022,2022,Q1,1,January,2022-Jan,3,Sunday,TRUE
1/24/2022,2022,Q1,1,January,2022-Jan,4,Monday,FALSE
1/25/2022,2022,Q1,1,January,2022-Jan,4,Tuesday,FALSE
1/26/2022,2022,Q1,1,January,2022-Jan,4,Wednesday,FALSE
1/27/2022,2022,Q1,1,January,2022-Jan,4,Thursday,FALSE
1/28/2022,2022,Q1,1,January,2022-Jan,4,Friday,FALSE
1/29/2022,2022,Q1,1,January,2022-Jan,4,Saturday,TRUE
1/30/2022,2022,Q1,1,January,2022-Jan,4,Sunday,TRUE
1/31/2022,2022,Q1,1,January,2022-Jan,5,Monday,FALSE
2/1/2022,2022,Q1,2,February,2022-Feb,5,Tuesday,FALSE
2/2/2022,2022,Q1,2,February,2022-Feb,5,Wednesday,FALSE
2/3/2022,2022,Q1,2,February,2022-Feb,5,Thursday,FALSE
2/4/2022,2022,Q1,2,February,2022-Feb,5,Friday,FALSE
2/5/2022,2022,Q1,2,February,2022-Feb,5,Saturday,TRUE
2/6/2022,2022,Q1,2,February,2022-Feb,5,Sunday,TRUE
2/7/2022,2022,Q1,2,February,2022-Feb,6,Monday,FALSE
2/8/2022,2022,Q1,2,February,2022-Feb,6,Tuesday,FALSE
2/9/2022,2022,Q1,2,February,2022-Feb,6,Wednesday,FALSE
2/10/2022,2022,Q1,2,February,2022-Feb,6,Thursday,FALSE
2/11/2022,2022,Q1,2,February,2022-Feb,6,Friday,FALSE
2/12/2022,2022,Q1,2,February,2022-Feb,6,Saturday,TRUE
2/13/2022,2022,Q1,2,February,2022-Feb,6,Sunday,TRUE
2/14/2022,2022,Q1,2,February,2022-Feb,7,Monday,FALSE
2/15/2022,2022,Q1,2,February,2022-Feb,7,Tuesday,FALSE
2/16/2022,2022,Q1,2,February,2022-Feb,7,Wednesday,FALSE
2/17/2022,2022,Q1,2,February,2022-Feb,7,Thursday,FALSE
2/18/2022,2022,Q1,2,February,2022-Feb,7,Friday,FALSE
2/19/2022,2022,Q1,2,February,2022-Feb,7,Saturday,TRUE
2/20/2022,2022,Q1,2,February,2022-Feb,7,Sunday,TRUE
2/21/2022,2022,Q1,2,February,2022-Feb,8,Monday,FALSE
2/22/2022,2022,Q1,2,February,2022-Feb,8,Tuesday,FALSE
2/23/2022,2022,Q1,2,February,2022-Feb,8,Wednesday,FALSE
2/24/2022,2022,Q1,2,February,2022-Feb,8,Thursday,FALSE
2/25/2022,2022,Q1,2,February,2022-Feb,8,Friday,FALSE
2/26/2022,2022,Q1,2,February,2022-Feb,8,Saturday,TRUE
2/27/2022,2022,Q1,2,February,2022-Feb,8,Sunday,TRUE
2/28/2022,2022,Q1,2,February,2022-Feb,9,Monday,FALSE
3/1/2022,2022,Q1,3,March,2022-Mar,9,Tuesday,FALSE
3/2/2022,2022,Q1,3,March,2022-Mar,9,Wednesday,FALSE
3/3/2022,2022,Q1,3,March,2022-Mar,9,Thursday,FALSE
3/4/2022,2022,Q1,3,March,2022-Mar,9,Friday,FALSE
3/5/2022,2022,Q1,3,March,2022-Mar,9,Saturday,TRUE
3/6/2022,2022,Q1,3,March,2022-Mar,9,Sunday,TRUE
3/7/2022,2022,Q1,3,March,2022-Mar,10,Monday,FALSE
3/8/2022,2022,Q1,3,March,2022-Mar,10,Tuesday,FALSE
3/9/2022,2022,Q1,3,March,2022-Mar,10,Wednesday,FALSE
3/10/2022,2022,Q1,3,March,2022-Mar,10,Thursday,FALSE
3/11/2022,2022,Q1,3,March,2022-Mar,10,Friday,FALSE
3/12/2022,2022,Q1,3,March,2022-Mar,10,Saturday,TRUE
3/13/2022,2022,Q1,3,March,2022-Mar,10,Sunday,TRUE
3/14/2022,2022,Q1,3,March,2022-Mar,11,Monday,FALSE
3/15/2022,2022,Q1,3,March,2022-Mar,11,Tuesday,FALSE
3/16/2022,2022,Q1,3,March,2022-Mar,11,Wednesday,FALSE
3/17/2022,2022,Q1,3,March,2022-Mar,11,Thursday,FALSE
3/18/2022,2022,Q1,3,March,2022-Mar,11,Friday,FALSE
3/19/2022,2022,Q1,3,March,2022-Mar,11,Saturday,TRUE
3/20/2022,2022,Q1,3,March,2022-Mar,11,Sunday,TRUE
3/21/2022,2022,Q1,3,March,2022-Mar,12,Monday,FALSE
3/22/2022,2022,Q1,3,March,2022-Mar,12,Tuesday,FALSE
3/23/2022,2022,Q1,3,March,2022-Mar,12,Wednesday,FALSE
3/24/2022,2022,Q1,3,March,2022-Mar,12,Thursday,FALSE
3/25/2022,2022,Q1,3,March,2022-Mar,12,Friday,FALSE
3/26/2022,2022,Q1,3,March,2022-Mar,12,Saturday,TRUE
3/27/2022,2022,Q1,3,March,2022-Mar,12,Sunday,TRUE
3/28/2022,2022,Q1,3,March,2022-Mar,13,Monday,FALSE
3/29/2022,2022,Q1,3,March,2022-Mar,13,Tuesday,FALSE
3/30/2022,2022,Q1,3,March,2022-Mar,13,Wednesday,FALSE
3/31/2022,2022,Q1,3,March,2022-Mar,13,Thursday,FALSE
4/1/2022,2022,Q2,4,April,2022-Apr,13,Friday,FALSE
4/2/2022,2022,Q2,4,April,2022-Apr,13,Saturday,TRUE
4/3/2022,2022,Q2,4,April,2022-Apr,13,Sunday,TRUE
4/4/2022,2022,Q2,4,April,2022-Apr,14,Monday,FALSE
4/5/2022,2022,Q2,4,April,2022-Apr,14,Tuesday,FALSE
4/6/2022,2022,Q2,4,April,2022-Apr,14,Wednesday,FALSE
4/7/2022,2022,Q2,4,April,2022-Apr,14,Thursday,FALSE
4/8/2022,2022,Q2,4,April,2022-Apr,14,Friday,FALSE
4/9/2022,2022,Q2,4,April,2022-Apr,14,Saturday,TRUE
4/10/2022,2022,Q2,4,April,2022-Apr,14,Sunday,TRUE
4/11/2022,2022,Q2,4,April,2022-Apr,15,Monday,FALSE
4/12/2022,2022,Q2,4,April,2022-Apr,15,Tuesday,FALSE
4/13/2022,2022,Q2,4,April,2022-Apr,15,Wednesday,FALSE
4/14/2022,2022,Q2,4,April,2022-Apr,15,Thursday,FALSE
4/15/2022,2022,Q2,4,April,2022-Apr,15,Friday,FALSE
4/16/2022,2022,Q2,4,April,2022-Apr,15,Saturday,TRUE
4/17/2022,2022,Q2,4,April,2022-Apr,15,Sunday,TRUE
4/18/2022,2022,Q2,4,April,2022-Apr,16,Monday,FALSE
4/19/2022,2022,Q2,4,April,2022-Apr,16,Tuesday,FALSE
4/20/2022,2022,Q2,4,April,2022-Apr,16,Wednesday,FALSE
4/21/2022,2022,Q2,4,April,2022-Apr,16,Thursday,FALSE
4/22/2022,2022,Q2,4,April,2022-Apr,16,Friday,FALSE
4/23/2022,2022,Q2,4,April,2022-Apr,16,Saturday,TRUE
4/24/2022,2022,Q2,4,April,2022-Apr,16,Sunday,TRUE
4/25/2022,2022,Q2,4,April,2022-Apr,17,Monday,FALSE
4/26/2022,2022,Q2,4,April,2022-Apr,17,Tuesday,FALSE
4/27/2022,2022,Q2,4,April,2022-Apr,17,Wednesday,FALSE
4/28/2022,2022,Q2,4,April,2022-Apr,17,Thursday,FALSE
4/29/2022,2022,Q2,4,April,2022-Apr,17,Friday,FALSE
4/30/2022,2022,Q2,4,April,2022-Apr,17,Saturday,TRUE
5/1/2022,2022,Q2,5,May,2022-May,17,Sunday,TRUE
5/2/2022,2022,Q2,5,May,2022-May,18,Monday,FALSE
5/3/2022,2022,Q2,5,May,2022-May,18,Tuesday,FALSE
5/4/2022,2022,Q2,5,May,2022-May,18,Wednesday,FALSE
5/5/2022,2022,Q2,5,May,2022-May,18,Thursday,FALSE
5/6/2022,2022,Q2,5,May,2022-May,18,Friday,FALSE
5/7/2022,2022,Q2,5,May,2022-May,18,Saturday,TRUE
5/8/2022,2022,Q2,5,May,2022-May,18,Sunday,TRUE
5/9/2022,2022,Q2,5,May,2022-May,19,Monday,FALSE
5/10/2022,2022,Q2,5,May,2022-May,19,Tuesday,FALSE
5/11/2022,2022,Q2,5,May,2022-May,19,Wednesday,FALSE
5/12/2022,2022,Q2,5,May,2022-May,19,Thursday,FALSE
5/13/2022,2022,Q2,5,May,2022-May,19,Friday,FALSE
5/14/2022,2022,Q2,5,May,2022-May,19,Saturday,TRUE
5/15/2022,2022,Q2,5,May,2022-May,19,Sunday,TRUE
5/16/2022,2022,Q2,5,May,2022-May,20,Monday,FALSE
5/17/2022,2022,Q2,5,May,2022-May,20,Tuesday,FALSE
5/18/2022,2022,Q2,5,May,2022-May,20,Wednesday,FALSE
5/19/2022,2022,Q2,5,May,2022-May,20,Thursday,FALSE
5/20/2022,2022,Q2,5,May,2022-May,20,Friday,FALSE
5/21/2022,2022,Q2,5,May,2022-May,20,Saturday,TRUE
5/22/2022,2022,Q2,5,May,2022-May,20,Sunday,TRUE
5/23/2022,2022,Q2,5,May,2022-May,21,Monday,FALSE
5/24/2022,2022,Q2,5,May,2022-May,21,Tuesday,FALSE
5/25/2022,2022,Q2,5,May,2022-May,21,Wednesday,FALSE
5/26/2022,2022,Q2,5,May,2022-May,21,Thursday,FALSE
5/27/2022,2022,Q2,5,May,2022-May,21,Friday,FALSE
5/28/2022,2022,Q2,5,May,2022-May,21,Saturday,TRUE
5/29/2022,2022,Q2,5,May,2022-May,21,Sunday,TRUE
5/30/2022,2022,Q2,5,May,2022-May,22,Monday,FALSE
5/31/2022,2022,Q2,5,May,2022-May,22,Tuesday,FALSE
6/1/2022,2022,Q2,6,June,2022-Jun,22,Wednesday,FALSE
6/2/2022,2022,Q2,6,June,2022-Jun,22,Thursday,FALSE
6/3/2022,2022,Q2,6,June,2022-Jun,22,Friday,FALSE
6/4/2022,2022,Q2,6,June,2022-Jun,22,Saturday,TRUE
6/5/2022,2022,Q2,6,June,2022-Jun,22,Sunday,TRUE
6/6/2022,2022,Q2,6,June,2022-Jun,23,Monday,FALSE
6/7/2022,2022,Q2,6,June,2022-Jun,23,Tuesday,FALSE
6/8/2022,2022,Q2,6,June,2022-Jun,23,Wednesday,FALSE
6/9/2022,2022,Q2,6,June,2022-Jun,23,Thursday,FALSE
6/10/2022,2022,Q2,6,June,2022-Jun,23,Friday,FALSE
6/11/2022,2022,Q2,6,June,2022-Jun,23,Saturday,TRUE
6/12/2022,2022,Q2,6,June,2022-Jun,23,Sunday,TRUE
6/13/2022,2022,Q2,6,June,2022-Jun,24,Monday,FALSE
6/14/2022,2022,Q2,6,June,2022-Jun,24,Tuesday,FALSE
6/15/2022,2022,Q2,6,June,2022-Jun,24,Wednesday,FALSE
6/16/2022,2022,Q2,6,June,2022-Jun,24,Thursday,FALSE
6/17/2022,2022,Q2,6,June,2022-Jun,24,Friday,FALSE
6/18/2022,2022,Q2,6,June,2022-Jun,24,Saturday,TRUE
6/19/2022,2022,Q2,6,June,2022-Jun,24,Sunday,TRUE
6/20/2022,2022,Q2,6,June,2022-Jun,25,Monday,FALSE
6/21/2022,2022,Q2,6,June,2022-Jun,25,Tuesday,FALSE
6/22/2022,2022,Q2,6,June,2022-Jun,25,Wednesday,FALSE
6/23/2022,2022,Q2,6,June,2022-Jun,25,Thursday,FALSE
6/24/2022,2022,Q2,6,June,2022-Jun,25,Friday,FALSE
6/25/2022,2022,Q2,6,June,2022-Jun,25,Saturday,TRUE
6/26/2022,2022,Q2,6,June,2022-Jun,25,Sunday,TRUE
6/27/2022,2022,Q2,6,June,2022-Jun,26,Monday,FALSE
6/28/2022,2022,Q2,6,June,2022-Jun,26,Tuesday,FALSE
6/29/2022,2022,Q2,6,June,2022-Jun,26,Wednesday,FALSE
6/30/2022,2022,Q2,6,June,2022-Jun,26,Thursday,FALSE
7/1/2022,2022,Q3,7,July,2022-Jul,26,Friday,FALSE
7/2/2022,2022,Q3,7,July,2022-Jul,26,Saturday,TRUE
7/3/2022,2022,Q3,7,July,2022-Jul,26,Sunday,TRUE
7/4/2022,2022,Q3,7,July,2022-Jul,27,Monday,FALSE
7/5/2022,2022,Q3,7,July,2022-Jul,27,Tuesday,FALSE
7/6/2022,2022,Q3,7,July,2022-Jul,27,Wednesday,FALSE
7/7/2022,2022,Q3,7,July,2022-Jul,27,Thursday,FALSE
7/8/2022,2022,Q3,7,July,2022-Jul,27,Friday,FALSE
7/9/2022,2022,Q3,7,July,2022-Jul,27,Saturday,TRUE
7/10/2022,2022,Q3,7,July,2022-Jul,27,Sunday,TRUE
7/11/2022,2022,Q3,7,July,2022-Jul,28,Monday,FALSE
7/12/2022,2022,Q3,7,July,2022-Jul,28,Tuesday,FALSE
7/13/2022,2022,Q3,7,July,2022-Jul,28,Wednesday,FALSE
7/14/2022,2022,Q3,7,July,2022-Jul,28,Thursday,FALSE
7/15/2022,2022,Q3,7,July,2022-Jul,28,Friday,FALSE
7/16/2022,2022,Q3,7,July,2022-Jul,28,Saturday,TRUE
7/17/2022,2022,Q3,7,July,2022-Jul,28,Sunday,TRUE
7/18/2022,2022,Q3,7,July,2022-Jul,29,Monday,FALSE
7/19/2022,2022,Q3,7,July,2022-Jul,29,Tuesday,FALSE
7/20/2022,2022,Q3,7,July,2022-Jul,29,Wednesday,FALSE
7/21/2022,2022,Q3,7,July,2022-Jul,29,Thursday,FALSE
7/22/2022,2022,Q3,7,July,2022-Jul,29,Friday,FALSE
7/23/2022,2022,Q3,7,July,2022-Jul,29,Saturday,TRUE
7/24/2022,2022,Q3,7,July,2022-Jul,29,Sunday,TRUE
7/25/2022,2022,Q3,7,July,2022-Jul,30,Monday,FALSE
7/26/2022,2022,Q3,7,July,2022-Jul,30,Tuesday,FALSE
7/27/2022,2022,Q3,7,July,2022-Jul,30,Wednesday,FALSE
7/28/2022,2022,Q3,7,July,2022-Jul,30,Thursday,FALSE
7/29/2022,2022,Q3,7,July,2022-Jul,30,Friday,FALSE
7/30/2022,2022,Q3,7,July,2022-Jul,30,Saturday,TRUE
7/31/2022,2022,Q3,7,July,2022-Jul,30,Sunday,TRUE
8/1/2022,2022,Q3,8,August,2022-Aug,31,Monday,FALSE
8/2/2022,2022,Q3,8,August,2022-Aug,31,Tuesday,FALSE
8/3/2022,2022,Q3,8,August,2022-Aug,31,Wednesday,FALSE
8/4/2022,2022,Q3,8,August,2022-Aug,31,Thursday,FALSE
8/5/2022,2022,Q3,8,August,2022-Aug,31,Friday,FALSE
8/6/2022,2022,Q3,8,August,2022-Aug,31,Saturday,TRUE
8/7/2022,2022,Q3,8,August,2022-Aug,31,Sunday,TRUE
8/8/2022,2022,Q3,8,August,2022-Aug,32,Monday,FALSE
8/9/2022,2022,Q3,8,August,2022-Aug,32,Tuesday,FALSE
8/10/2022,2022,Q3,8,August,2022-Aug,32,Wednesday,FALSE
8/11/2022,2022,Q3,8,August,2022-Aug,32,Thursday,FALSE
8/12/2022,2022,Q3,8,August,2022-Aug,32,Friday,FALSE
8/13/2022,2022,Q3,8,August,2022-Aug,32,Saturday,TRUE
8/14/2022,2022,Q3,8,August,2022-Aug,32,Sunday,TRUE
8/15/2022,2022,Q3,8,August,2022-Aug,33,Monday,FALSE
8/16/2022,2022,Q3,8,August,2022-Aug,33,Tuesday,FALSE
8/17/2022,2022,Q3,8,August,2022-Aug,33,Wednesday,FALSE
8/18/2022,2022,Q3,8,August,2022-Aug,33,Thursday,FALSE
8/19/2022,2022,Q3,8,August,2022-Aug,33,Friday,FALSE
8/20/2022,2022,Q3,8,August,2022-Aug,33,Saturday,TRUE
8/21/2022,2022,Q3,8,August,2022-Aug,33,Sunday,TRUE
8/22/2022,2022,Q3,8,August,2022-Aug,34,Monday,FALSE
8/23/2022,2022,Q3,8,August,2022-Aug,34,Tuesday,FALSE
8/24/2022,2022,Q3,8,August,2022-Aug,34,Wednesday,FALSE
8/25/2022,2022,Q3,8,August,2022-Aug,34,Thursday,FALSE
8/26/2022,2022,Q3,8,August,2022-Aug,34,Friday,FALSE
8/27/2022,2022,Q3,8,August,2022-Aug,34,Saturday,TRUE
8/28/2022,2022,Q3,8,August,2022-Aug,34,Sunday,TRUE
8/29/2022,2022,Q3,8,August,2022-Aug,35,Monday,FALSE
8/30/2022,2022,Q3,8,August,2022-Aug,35,Tuesday,FALSE
8/31/2022,2022,Q3,8,August,2022-Aug,35,Wednesday,FALSE
9/1/2022,2022,Q3,9,September,2022-Sep,35,Thursday,FALSE
9/2/2022,2022,Q3,9,September,2022-Sep,35,Friday,FALSE
9/3/2022,2022,Q3,9,September,2022-Sep,35,Saturday,TRUE
9/4/2022,2022,Q3,9,September,2022-Sep,35,Sunday,TRUE
9/5/2022,2022,Q3,9,September,2022-Sep,36,Monday,FALSE
9/6/2022,2022,Q3,9,September,2022-Sep,36,Tuesday,FALSE
9/7/2022,2022,Q3,9,September,2022-Sep,36,Wednesday,FALSE
9/8/2022,2022,Q3,9,September,2022-Sep,36,Thursday,FALSE
9/9/2022,2022,Q3,9,September,2022-Sep,36,Friday,FALSE
9/10/2022,2022,Q3,9,September,2022-Sep,36,Saturday,TRUE
9/11/2022,2022,Q3,9,September,2022-Sep,36,Sunday,TRUE
9/12/2022,2022,Q3,9,September,2022-Sep,37,Monday,FALSE
9/13/2022,2022,Q3,9,September,2022-Sep,37,Tuesday,FALSE
9/14/2022,2022,Q3,9,September,2022-Sep,37,Wednesday,FALSE
9/15/2022,2022,Q3,9,September,2022-Sep,37,Thursday,FALSE
9/16/2022,2022,Q3,9,September,2022-Sep,37,Friday,FALSE
9/17/2022,2022,Q3,9,September,2022-Sep,37,Saturday,TRUE
9/18/2022,2022,Q3,9,September,2022-Sep,37,Sunday,TRUE
9/19/2022,2022,Q3,9,September,2022-Sep,38,Monday,FALSE
9/20/2022,2022,Q3,9,September,2022-Sep,38,Tuesday,FALSE
9/21/2022,2022,Q3,9,September,2022-Sep,38,Wednesday,FALSE
9/22/2022,2022,Q3,9,September,2022-Sep,38,Thursday,FALSE
9/23/2022,2022,Q3,9,September,2022-Sep,38,Friday,FALSE
9/24/2022,2022,Q3,9,September,2022-Sep,38,Saturday,TRUE
9/25/2022,2022,Q3,9,September,2022-Sep,38,Sunday,TRUE
9/26/2022,2022,Q3,9,September,2022-Sep,39,Monday,FALSE
9/27/2022,2022,Q3,9,September,2022-Sep,39,Tuesday,FALSE
9/28/2022,2022,Q3,9,September,2022-Sep,39,Wednesday,FALSE
9/29/2022,2022,Q3,9,September,2022-Sep,39,Thursday,FALSE
9/30/2022,2022,Q3,9,September,2022-Sep,39,Friday,FALSE
10/1/2022,2022,Q4,10,October,2022-Oct,39,Saturday,TRUE
10/2/2022,2022,Q4,10,October,2022-Oct,39,Sunday,TRUE
10/3/2022,2022,Q4,10,October,2022-Oct,40,Monday,FALSE
10/4/2022,2022,Q4,10,October,2022-Oct,40,Tuesday,FALSE
10/5/2022,2022,Q4,10,October,2022-Oct,40,Wednesday,FALSE
10/6/2022,2022,Q4,10,October,2022-Oct,40,Thursday,FALSE
10/7/2022,2022,Q4,10,October,2022-Oct,40,Friday,FALSE
10/8/2022,2022,Q4,10,October,2022-Oct,40,Saturday,TRUE
10/9/2022,2022,Q4,10,October,2022-Oct,40,Sunday,TRUE
10/10/2022,2022,Q4,10,October,2022-Oct,41,Monday,FALSE
10/11/2022,2022,Q4,10,October,2022-Oct,41,Tuesday,FALSE
10/12/2022,2022,Q4,10,October,2022-Oct,41,Wednesday,FALSE
10/13/2022,2022,Q4,10,October,2022-Oct,41,Thursday,FALSE
10/14/2022,2022,Q4,10,October,2022-Oct,41,Friday,FALSE
10/15/2022,2022,Q4,10,October,2022-Oct,41,Saturday,TRUE
10/16/2022,2022,Q4,10,October,2022-Oct,41,Sunday,TRUE
10/17/2022,2022,Q4,10,October,2022-Oct,42,Monday,FALSE
10/18/2022,2022,Q4,10,October,2022-Oct,42,Tuesday,FALSE
10/19/2022,2022,Q4,10,October,2022-Oct,42,Wednesday,FALSE
10/20/2022,2022,Q4,10,October,2022-Oct,42,Thursday,FALSE
10/21/2022,2022,Q4,10,October,2022-Oct,42,Friday,FALSE
10/22/2022,2022,Q4,10,October,2022-Oct,42,Saturday,TRUE
10/23/2022,2022,Q4,10,October,2022-Oct,42,Sunday,TRUE
10/24/2022,2022,Q4,10,October,2022-Oct,43,Monday,FALSE
10/25/2022,2022,Q4,10,October,2022-Oct,43,Tuesday,FALSE
10/26/2022,2022,Q4,10,October,2022-Oct,43,Wednesday,FALSE
10/27/2022,2022,Q4,10,October,2022-Oct,43,Thursday,FALSE
10/28/2022,2022,Q4,10,October,2022-Oct,43,Friday,FALSE
10/29/2022,2022,Q4,10,October,2022-Oct,43,Saturday,TRUE
10/30/2022,2022,Q4,10,October,2022-Oct,43,Sunday,TRUE
10/31/2022,2022,Q4,10,October,2022-Oct,44,Monday,FALSE
11/1/2022,2022,Q4,11,November,2022-Nov,44,Tuesday,FALSE
11/2/2022,2022,Q4,11,November,2022-Nov,44,Wednesday,FALSE
11/3/2022,2022,Q4,11,November,2022-Nov,44,Thursday,FALSE
11/4/2022,2022,Q4,11,November,2022-Nov,44,Friday,FALSE
11/5/2022,2022,Q4,11,November,2022-Nov,44,Saturday,TRUE
11/6/2022,2022,Q4,11,November,2022-Nov,44,Sunday,TRUE
11/7/2022,2022,Q4,11,November,2022-Nov,45,Monday,FALSE
11/8/2022,2022,Q4,11,November,2022-Nov,45,Tuesday,FALSE
11/9/2022,2022,Q4,11,November,2022-Nov,45,Wednesday,FALSE
11/10/2022,2022,Q4,11,November,2022-Nov,45,Thursday,FALSE
11/11/2022,2022,Q4,11,November,2022-Nov,45,Friday,FALSE
11/12/2022,2022,Q4,11,November,2022-Nov,45,Saturday,TRUE
11/13/2022,2022,Q4,11,November,2022-Nov,45,Sunday,TRUE
11/14/2022,2022,Q4,11,November,2022-Nov,46,Monday,FALSE
11/15/2022,2022,Q4,11,November,2022-Nov,46,Tuesday,FALSE
11/16/2022,2022,Q4,11,November,2022-Nov,46,Wednesday,FALSE
11/17/2022,2022,Q4,11,November,2022-Nov,46,Thursday,FALSE
11/18/2022,2022,Q4,11,November,2022-Nov,46,Friday,FALSE
11/19/2022,2022,Q4,11,November,2022-Nov,46,Saturday,TRUE
11/20/2022,2022,Q4,11,November,2022-Nov,46,Sunday,TRUE
11/21/2022,2022,Q4,11,November,2022-Nov,47,Monday,FALSE
11/22/2022,2022,Q4,11,November,2022-Nov,47,Tuesday,FALSE
11/23/2022,2022,Q4,11,November,2022-Nov,47,Wednesday,FALSE
11/24/2022,2022,Q4,11,November,2022-Nov,47,Thursday,FALSE
11/25/2022,2022,Q4,11,November,2022-Nov,47,Friday,FALSE
11/26/2022,2022,Q4,11,November,2022-Nov,47,Saturday,TRUE
11/27/2022,2022,Q4,11,November,2022-Nov,47,Sunday,TRUE
11/28/2022,2022,Q4,11,November,2022-Nov,48,Monday,FALSE
11/29/2022,2022,Q4,11,November,2022-Nov,48,Tuesday,FALSE
11/30/2022,2022,Q4,11,November,2022-Nov,48,Wednesday,FALSE
12/1/2022,2022,Q4,12,December,2022-Dec,48,Thursday,FALSE
12/2/2022,2022,Q4,12,December,2022-Dec,48,Friday,FALSE
12/3/2022,2022,Q4,12,December,2022-Dec,48,Saturday,TRUE
12/4/2022,2022,Q4,12,December,2022-Dec,48,Sunday,TRUE
12/5/2022,2022,Q4,12,December,2022-Dec,49,Monday,FALSE
12/6/2022,2022,Q4,12,December,2022-Dec,49,Tuesday,FALSE
12/7/2022,2022,Q4,12,December,2022-Dec,49,Wednesday,FALSE
12/8/2022,2022,Q4,12,December,2022-Dec,49,Thursday,FALSE
12/9/2022,2022,Q4,12,December,2022-Dec,49,Friday,FALSE
12/10/2022,2022,Q4,12,December,2022-Dec,49,Saturday,TRUE
12/11/2022,2022,Q4,12,December,2022-Dec,49,Sunday,TRUE
12/12/2022,2022,Q4,12,December,2022-Dec,50,Monday,FALSE
12/13/2022,2022,Q4,12,December,2022-Dec,50,Tuesday,FALSE
12/14/2022,2022,Q4,12,December,2022-Dec,50,Wednesday,FALSE
12/15/2022,2022,Q4,12,December,2022-Dec,50,Thursday,FALSE
12/16/2022,2022,Q4,12,December,2022-Dec,50,Friday,FALSE
12/17/2022,2022,Q4,12,December,2022-Dec,50,Saturday,TRUE
12/18/2022,2022,Q4,12,December,2022-Dec,50,Sunday,TRUE
12/19/2022,2022,Q4,12,December,2022-Dec,51,Monday,FALSE
12/20/2022,2022,Q4,12,December,2022-Dec,51,Tuesday,FALSE
12/21/2022,2022,Q4,12,December,2022-Dec,51,Wednesday,FALSE
12/22/2022,2022,Q4,12,December,2022-Dec,51,Thursday,FALSE
12/23/2022,2022,Q4,12,December,2022-Dec,51,Friday,FALSE
12/24/2022,2022,Q4,12,December,2022-Dec,51,Saturday,TRUE
12/25/2022,2022,Q4,12,December,2022-Dec,51,Sunday,TRUE
12/26/2022,2022,Q4,12,December,2022-Dec,52,Monday,FALSE
12/27/2022,2022,Q4,12,December,2022-Dec,52,Tuesday,FALSE
12/28/2022,2022,Q4,12,December,2022-Dec,52,Wednesday,FALSE
12/29/2022,2022,Q4,12,December,2022-Dec,52,Thursday,FALSE
12/30/2022,2022,Q4,12,December,2022-Dec,52,Friday,FALSE
12/31/2022,2022,Q4,12,December,2022-Dec,52,Saturday,TRUE
1/1/2023,2023,Q1,1,January,2023-Jan,52,Sunday,TRUE
1/2/2023,2023,Q1,1,January,2023-Jan,1,Monday,FALSE
1/3/2023,2023,Q1,1,January,2023-Jan,1,Tuesday,FALSE
1/4/2023,2023,Q1,1,January,2023-Jan,1,Wednesday,FALSE
1/5/2023,2023,Q1,1,January,2023-Jan,1,Thursday,FALSE
1/6/2023,2023,Q1,1,January,2023-Jan,1,Friday,FALSE
1/7/2023,2023,Q1,1,January,2023-Jan,1,Saturday,TRUE
1/8/2023,2023,Q1,1,January,2023-Jan,1,Sunday,TRUE
1/9/2023,2023,Q1,1,January,2023-Jan,2,Monday,FALSE
1/10/2023,2023,Q1,1,January,2023-Jan,2,Tuesday,FALSE
1/11/2023,2023,Q1,1,January,2023-Jan,2,Wednesday,FALSE
1/12/2023,2023,Q1,1,January,2023-Jan,2,Thursday,FALSE
1/13/2023,2023,Q1,1,January,2023-Jan,2,Friday,FALSE
1/14/2023,2023,Q1,1,January,2023-Jan,2,Saturday,TRUE
1/15/2023,2023,Q1,1,January,2023-Jan,2,Sunday,TRUE
1/16/2023,2023,Q1,1,January,2023-Jan,3,Monday,FALSE
1/17/2023,2023,Q1,1,January,2023-Jan,3,Tuesday,FALSE
1/18/2023,2023,Q1,1,January,2023-Jan,3,Wednesday,FALSE
1/19/2023,2023,Q1,1,January,2023-Jan,3,Thursday,FALSE
1/20/2023,2023,Q1,1,January,2023-Jan,3,Friday,FALSE
1/21/2023,2023,Q1,1,January,2023-Jan,3,Saturday,TRUE
1/22/2023,2023,Q1,1,January,2023-Jan,3,Sunday,TRUE
1/23/2023,2023,Q1,1,January,2023-Jan,4,Monday,FALSE
1/24/2023,2023,Q1,1,January,2023-Jan,4,Tuesday,FALSE
1/25/2023,2023,Q1,1,January,2023-Jan,4,Wednesday,FALSE
1/26/2023,2023,Q1,1,January,2023-Jan,4,Thursday,FALSE
1/27/2023,2023,Q1,1,January,2023-Jan,4,Friday,FALSE
1/28/2023,2023,Q1,1,January,2023-Jan,4,Saturday,TRUE
1/29/2023,2023,Q1,1,January,2023-Jan,4,Sunday,TRUE
1/30/2023,2023,Q1,1,January,2023-Jan,5,Monday,FALSE
1/31/2023,2023,Q1,1,January,2023-Jan,5,Tuesday,FALSE
2/1/2023,2023,Q1,2,February,2023-Feb,5,Wednesday,FALSE
2/2/2023,2023,Q1,2,February,2023-Feb,5,Thursday,FALSE
2/3/2023,2023,Q1,2,February,2023-Feb,5,Friday,FALSE
2/4/2023,2023,Q1,2,February,2023-Feb,5,Saturday,TRUE
2/5/2023,2023,Q1,2,February,2023-Feb,5,Sunday,TRUE
2/6/2023,2023,Q1,2,February,2023-Feb,6,Monday,FALSE
2/7/2023,2023,Q1,2,February,2023-Feb,6,Tuesday,FALSE
2/8/2023,2023,Q1,2,February,2023-Feb,6,Wednesday,FALSE
2/9/2023,2023,Q1,2,February,2023-Feb,6,Thursday,FALSE
2/10/2023,2023,Q1,2,February,2023-Feb,6,Friday,FALSE
2/11/2023,2023,Q1,2,February,2023-Feb,6,Saturday,TRUE
2/12/2023,2023,Q1,2,February,2023-Feb,6,Sunday,TRUE
2/13/2023,2023,Q1,2,February,2023-Feb,7,Monday,FALSE
2/14/2023,2023,Q1,2,February,2023-Feb,7,Tuesday,FALSE
2/15/2023,2023,Q1,2,February,2023-Feb,7,Wednesday,FALSE
2/16/2023,2023,Q1,2,February,2023-Feb,7,Thursday,FALSE
2/17/2023,2023,Q1,2,February,2023-Feb,7,Friday,FALSE
2/18/2023,2023,Q1,2,February,2023-Feb,7,Saturday,TRUE
2/19/2023,2023,Q1,2,February,2023-Feb,7,Sunday,TRUE
2/20/2023,2023,Q1,2,February,2023-Feb,8,Monday,FALSE
2/21/2023,2023,Q1,2,February,2023-Feb,8,Tuesday,FALSE
2/22/2023,2023,Q1,2,February,2023-Feb,8,Wednesday,FALSE
2/23/2023,2023,Q1,2,February,2023-Feb,8,Thursday,FALSE
2/24/2023,2023,Q1,2,February,2023-Feb,8,Friday,FALSE
2/25/2023,2023,Q1,2,February,2023-Feb,8,Saturday,TRUE
2/26/2023,2023,Q1,2,February,2023-Feb,8,Sunday,TRUE
2/27/2023,2023,Q1,2,February,2023-Feb,9,Monday,FALSE
2/28/2023,2023,Q1,2,February,2023-Feb,9,Tuesday,FALSE
3/1/2023,2023,Q1,3,March,2023-Mar,9,Wednesday,FALSE
3/2/2023,2023,Q1,3,March,2023-Mar,9,Thursday,FALSE
3/3/2023,2023,Q1,3,March,2023-Mar,9,Friday,FALSE
3/4/2023,2023,Q1,3,March,2023-Mar,9,Saturday,TRUE
3/5/2023,2023,Q1,3,March,2023-Mar,9,Sunday,TRUE
3/6/2023,2023,Q1,3,March,2023-Mar,10,Monday,FALSE
3/7/2023,2023,Q1,3,March,2023-Mar,10,Tuesday,FALSE
3/8/2023,2023,Q1,3,March,2023-Mar,10,Wednesday,FALSE
3/9/2023,2023,Q1,3,March,2023-Mar,10,Thursday,FALSE
3/10/2023,2023,Q1,3,March,2023-Mar,10,Friday,FALSE
3/11/2023,2023,Q1,3,March,2023-Mar,10,Saturday,TRUE
3/12/2023,2023,Q1,3,March,2023-Mar,10,Sunday,TRUE
3/13/2023,2023,Q1,3,March,2023-Mar,11,Monday,FALSE
3/14/2023,2023,Q1,3,March,2023-Mar,11,Tuesday,FALSE
3/15/2023,2023,Q1,3,March,2023-Mar,11,Wednesday,FALSE
3/16/2023,2023,Q1,3,March,2023-Mar,11,Thursday,FALSE
3/17/2023,2023,Q1,3,March,2023-Mar,11,Friday,FALSE
3/18/2023,2023,Q1,3,March,2023-Mar,11,Saturday,TRUE
3/19/2023,2023,Q1,3,March,2023-Mar,11,Sunday,TRUE
3/20/2023,2023,Q1,3,March,2023-Mar,12,Monday,FALSE
3/21/2023,2023,Q1,3,March,2023-Mar,12,Tuesday,FALSE
3/22/2023,2023,Q1,3,March,2023-Mar,12,Wednesday,FALSE
3/23/2023,2023,Q1,3,March,2023-Mar,12,Thursday,FALSE
3/24/2023,2023,Q1,3,March,2023-Mar,12,Friday,FALSE
3/25/2023,2023,Q1,3,March,2023-Mar,12,Saturday,TRUE
3/26/2023,2023,Q1,3,March,2023-Mar,12,Sunday,TRUE
3/27/2023,2023,Q1,3,March,2023-Mar,13,Monday,FALSE
3/28/2023,2023,Q1,3,March,2023-Mar,13,Tuesday,FALSE
3/29/2023,2023,Q1,3,March,2023-Mar,13,Wednesday,FALSE
3/30/2023,2023,Q1,3,March,2023-Mar,13,Thursday,FALSE
3/31/2023,2023,Q1,3,March,2023-Mar,13,Friday,FALSE
4/1/2023,2023,Q2,4,April,2023-Apr,13,Saturday,TRUE
4/2/2023,2023,Q2,4,April,2023-Apr,13,Sunday,TRUE
4/3/2023,2023,Q2,4,April,2023-Apr,14,Monday,FALSE
4/4/2023,2023,Q2,4,April,2023-Apr,14,Tuesday,FALSE
4/5/2023,2023,Q2,4,April,2023-Apr,14,Wednesday,FALSE
4/6/2023,2023,Q2,4,April,2023-Apr,14,Thursday,FALSE
4/7/2023,2023,Q2,4,April,2023-Apr,14,Friday,FALSE
4/8/2023,2023,Q2,4,April,2023-Apr,14,Saturday,TRUE
4/9/2023,2023,Q2,4,April,2023-Apr,14,Sunday,TRUE
4/10/2023,2023,Q2,4,April,2023-Apr,15,Monday,FALSE
4/11/2023,2023,Q2,4,April,2023-Apr,15,Tuesday,FALSE
4/12/2023,2023,Q2,4,April,2023-Apr,15,Wednesday,FALSE
4/13/2023,2023,Q2,4,April,2023-Apr,15,Thursday,FALSE
4/14/2023,2023,Q2,4,April,2023-Apr,15,Friday,FALSE
4/15/2023,2023,Q2,4,April,2023-Apr,15,Saturday,TRUE
4/16/2023,2023,Q2,4,April,2023-Apr,15,Sunday,TRUE
4/17/2023,2023,Q2,4,April,2023-Apr,16,Monday,FALSE
4/18/2023,2023,Q2,4,April,2023-Apr,16,Tuesday,FALSE
4/19/2023,2023,Q2,4,April,2023-Apr,16,Wednesday,FALSE
4/20/2023,2023,Q2,4,April,2023-Apr,16,Thursday,FALSE
4/21/2023,2023,Q2,4,April,2023-Apr,16,Friday,FALSE
4/22/2023,2023,Q2,4,April,2023-Apr,16,Saturday,TRUE
4/23/2023,2023,Q2,4,April,2023-Apr,16,Sunday,TRUE
4/24/2023,2023,Q2,4,April,2023-Apr,17,Monday,FALSE
4/25/2023,2023,Q2,4,April,2023-Apr,17,Tuesday,FALSE
4/26/2023,2023,Q2,4,April,2023-Apr,17,Wednesday,FALSE
4/27/2023,2023,Q2,4,April,2023-Apr,17,Thursday,FALSE
4/28/2023,2023,Q2,4,April,2023-Apr,17,Friday,FALSE
4/29/2023,2023,Q2,4,April,2023-Apr,17,Saturday,TRUE
4/30/2023,2023,Q2,4,April,2023-Apr,17,Sunday,TRUE
5/1/2023,2023,Q2,5,May,2023-May,18,Monday,FALSE
5/2/2023,2023,Q2,5,May,2023-May,18,Tuesday,FALSE
5/3/2023,2023,Q2,5,May,2023-May,18,Wednesday,FALSE
5/4/2023,2023,Q2,5,May,2023-May,18,Thursday,FALSE
5/5/2023,2023,Q2,5,May,2023-May,18,Friday,FALSE
5/6/2023,2023,Q2,5,May,2023-May,18,Saturday,TRUE
5/7/2023,2023,Q2,5,May,2023-May,18,Sunday,TRUE
5/8/2023,2023,Q2,5,May,2023-May,19,Monday,FALSE
5/9/2023,2023,Q2,5,May,2023-May,19,Tuesday,FALSE
5/10/2023,2023,Q2,5,May,2023-May,19,Wednesday,FALSE
5/11/2023,2023,Q2,5,May,2023-May,19,Thursday,FALSE
5/12/2023,2023,Q2,5,May,2023-May,19,Friday,FALSE
5/13/2023,2023,Q2,5,May,2023-May,19,Saturday,TRUE
5/14/2023,2023,Q2,5,May,2023-May,19,Sunday,TRUE
5/15/2023,2023,Q2,5,May,2023-May,20,Monday,FALSE
5/16/2023,2023,Q2,5,May,2023-May,20,Tuesday,FALSE
5/17/2023,2023,Q2,5,May,2023-May,20,Wednesday,FALSE
5/18/2023,2023,Q2,5,May,2023-May,20,Thursday,FALSE
5/19/2023,2023,Q2,5,May,2023-May,20,Friday,FALSE
5/20/2023,2023,Q2,5,May,2023-May,20,Saturday,TRUE
5/21/2023,2023,Q2,5,May,2023-May,20,Sunday,TRUE
5/22/2023,2023,Q2,5,May,2023-May,21,Monday,FALSE
5/23/2023,2023,Q2,5,May,2023-May,21,Tuesday,FALSE
5/24/2023,2023,Q2,5,May,2023-May,21,Wednesday,FALSE
5/25/2023,2023,Q2,5,May,2023-May,21,Thursday,FALSE
5/26/2023,2023,Q2,5,May,2023-May,21,Friday,FALSE
5/27/2023,2023,Q2,5,May,2023-May,21,Saturday,TRUE
5/28/2023,2023,Q2,5,May,2023-May,21,Sunday,TRUE
5/29/2023,2023,Q2,5,May,2023-May,22,Monday,FALSE
5/30/2023,2023,Q2,5,May,2023-May,22,Tuesday,FALSE
5/31/2023,2023,Q2,5,May,2023-May,22,Wednesday,FALSE
6/1/2023,2023,Q2,6,June,2023-Jun,22,Thursday,FALSE
6/2/2023,2023,Q2,6,June,2023-Jun,22,Friday,FALSE
6/3/2023,2023,Q2,6,June,2023-Jun,22,Saturday,TRUE
6/4/2023,2023,Q2,6,June,2023-Jun,22,Sunday,TRUE
6/5/2023,2023,Q2,6,June,2023-Jun,23,Monday,FALSE
6/6/2023,2023,Q2,6,June,2023-Jun,23,Tuesday,FALSE
6/7/2023,2023,Q2,6,June,2023-Jun,23,Wednesday,FALSE
6/8/2023,2023,Q2,6,June,2023-Jun,23,Thursday,FALSE
6/9/2023,2023,Q2,6,June,2023-Jun,23,Friday,FALSE
6/10/2023,2023,Q2,6,June,2023-Jun,23,Saturday,TRUE
6/11/2023,2023,Q2,6,June,2023-Jun,23,Sunday,TRUE
6/12/2023,2023,Q2,6,June,2023-Jun,24,Monday,FALSE
6/13/2023,2023,Q2,6,June,2023-Jun,24,Tuesday,FALSE
6/14/2023,2023,Q2,6,June,2023-Jun,24,Wednesday,FALSE
6/15/2023,2023,Q2,6,June,2023-Jun,24,Thursday,FALSE
6/16/2023,2023,Q2,6,June,2023-Jun,24,Friday,FALSE
6/17/2023,2023,Q2,6,June,2023-Jun,24,Saturday,TRUE
6/18/2023,2023,Q2,6,June,2023-Jun,24,Sunday,TRUE
6/19/2023,2023,Q2,6,June,2023-Jun,25,Monday,FALSE
6/20/2023,2023,Q2,6,June,2023-Jun,25,Tuesday,FALSE
6/21/2023,2023,Q2,6,June,2023-Jun,25,Wednesday,FALSE
6/22/2023,2023,Q2,6,June,2023-Jun,25,Thursday,FALSE
6/23/2023,2023,Q2,6,June,2023-Jun,25,Friday,FALSE
6/24/2023,2023,Q2,6,June,2023-Jun,25,Saturday,TRUE
6/25/2023,2023,Q2,6,June,2023-Jun,25,Sunday,TRUE
6/26/2023,2023,Q2,6,June,2023-Jun,26,Monday,FALSE
6/27/2023,2023,Q2,6,June,2023-Jun,26,Tuesday,FALSE
6/28/2023,2023,Q2,6,June,2023-Jun,26,Wednesday,FALSE
6/29/2023,2023,Q2,6,June,2023-Jun,26,Thursday,FALSE
6/30/2023,2023,Q2,6,June,2023-Jun,26,Friday,FALSE
7/1/2023,2023,Q3,7,July,2023-Jul,26,Saturday,TRUE
7/2/2023,2023,Q3,7,July,2023-Jul,26,Sunday,TRUE
7/3/2023,2023,Q3,7,July,2023-Jul,27,Monday,FALSE
7/4/2023,2023,Q3,7,July,2023-Jul,27,Tuesday,FALSE
7/5/2023,2023,Q3,7,July,2023-Jul,27,Wednesday,FALSE
7/6/2023,2023,Q3,7,July,2023-Jul,27,Thursday,FALSE
7/7/2023,2023,Q3,7,July,2023-Jul,27,Friday,FALSE
7/8/2023,2023,Q3,7,July,2023-Jul,27,Saturday,TRUE
7/9/2023,2023,Q3,7,July,2023-Jul,27,Sunday,TRUE
7/10/2023,2023,Q3,7,July,2023-Jul,28,Monday,FALSE
7/11/2023,2023,Q3,7,July,2023-Jul,28,Tuesday,FALSE
7/12/2023,2023,Q3,7,July,2023-Jul,28,Wednesday,FALSE
7/13/2023,2023,Q3,7,July,2023-Jul,28,Thursday,FALSE
7/14/2023,2023,Q3,7,July,2023-Jul,28,Friday,FALSE
7/15/2023,2023,Q3,7,July,2023-Jul,28,Saturday,TRUE
7/16/2023,2023,Q3,7,July,2023-Jul,28,Sunday,TRUE
7/17/2023,2023,Q3,7,July,2023-Jul,29,Monday,FALSE
7/18/2023,2023,Q3,7,July,2023-Jul,29,Tuesday,FALSE
7/19/2023,2023,Q3,7,July,2023-Jul,29,Wednesday,FALSE
7/20/2023,2023,Q3,7,July,2023-Jul,29,Thursday,FALSE
7/21/2023,2023,Q3,7,July,2023-Jul,29,Friday,FALSE
7/22/2023,2023,Q3,7,July,2023-Jul,29,Saturday,TRUE
7/23/2023,2023,Q3,7,July,2023-Jul,29,Sunday,TRUE
7/24/2023,2023,Q3,7,July,2023-Jul,30,Monday,FALSE
7/25/2023,2023,Q3,7,July,2023-Jul,30,Tuesday,FALSE
7/26/2023,2023,Q3,7,July,2023-Jul,30,Wednesday,FALSE
7/27/2023,2023,Q3,7,July,2023-Jul,30,Thursday,FALSE
7/28/2023,2023,Q3,7,July,2023-Jul,30,Friday,FALSE
7/29/2023,2023,Q3,7,July,2023-Jul,30,Saturday,TRUE
7/30/2023,2023,Q3,7,July,2023-Jul,30,Sunday,TRUE
7/31/2023,2023,Q3,7,July,2023-Jul,31,Monday,FALSE
8/1/2023,2023,Q3,8,August,2023-Aug,31,Tuesday,FALSE
8/2/2023,2023,Q3,8,August,2023-Aug,31,Wednesday,FALSE
8/3/2023,2023,Q3,8,August,2023-Aug,31,Thursday,FALSE
8/4/2023,2023,Q3,8,August,2023-Aug,31,Friday,FALSE
8/5/2023,2023,Q3,8,August,2023-Aug,31,Saturday,TRUE
8/6/2023,2023,Q3,8,August,2023-Aug,31,Sunday,TRUE
8/7/2023,2023,Q3,8,August,2023-Aug,32,Monday,FALSE
8/8/2023,2023,Q3,8,August,2023-Aug,32,Tuesday,FALSE
8/9/2023,2023,Q3,8,August,2023-Aug,32,Wednesday,FALSE
8/10/2023,2023,Q3,8,August,2023-Aug,32,Thursday,FALSE
8/11/2023,2023,Q3,8,August,2023-Aug,32,Friday,FALSE
8/12/2023,2023,Q3,8,August,2023-Aug,32,Saturday,TRUE
8/13/2023,2023,Q3,8,August,2023-Aug,32,Sunday,TRUE
8/14/2023,2023,Q3,8,August,2023-Aug,33,Monday,FALSE
8/15/2023,2023,Q3,8,August,2023-Aug,33,Tuesday,FALSE
8/16/2023,2023,Q3,8,August,2023-Aug,33,Wednesday,FALSE
8/17/2023,2023,Q3,8,August,2023-Aug,33,Thursday,FALSE
8/18/2023,2023,Q3,8,August,2023-Aug,33,Friday,FALSE
8/19/2023,2023,Q3,8,August,2023-Aug,33,Saturday,TRUE
8/20/2023,2023,Q3,8,August,2023-Aug,33,Sunday,TRUE
8/21/2023,2023,Q3,8,August,2023-Aug,34,Monday,FALSE
8/22/2023,2023,Q3,8,August,2023-Aug,34,Tuesday,FALSE
8/23/2023,2023,Q3,8,August,2023-Aug,34,Wednesday,FALSE
8/24/2023,2023,Q3,8,August,2023-Aug,34,Thursday,FALSE
8/25/2023,2023,Q3,8,August,2023-Aug,34,Friday,FALSE
8/26/2023,2023,Q3,8,August,2023-Aug,34,Saturday,TRUE
8/27/2023,2023,Q3,8,August,2023-Aug,34,Sunday,TRUE
8/28/2023,2023,Q3,8,August,2023-Aug,35,Monday,FALSE
8/29/2023,2023,Q3,8,August,2023-Aug,35,Tuesday,FALSE
8/30/2023,2023,Q3,8,August,2023-Aug,35,Wednesday,FALSE
8/31/2023,2023,Q3,8,August,2023-Aug,35,Thursday,FALSE
9/1/2023,2023,Q3,9,September,2023-Sep,35,Friday,FALSE
9/2/2023,2023,Q3,9,September,2023-Sep,35,Saturday,TRUE
9/3/2023,2023,Q3,9,September,2023-Sep,35,Sunday,TRUE
9/4/2023,2023,Q3,9,September,2023-Sep,36,Monday,FALSE
9/5/2023,2023,Q3,9,September,2023-Sep,36,Tuesday,FALSE
9/6/2023,2023,Q3,9,September,2023-Sep,36,Wednesday,FALSE
9/7/2023,2023,Q3,9,September,2023-Sep,36,Thursday,FALSE
9/8/2023,2023,Q3,9,September,2023-Sep,36,Friday,FALSE
9/9/2023,2023,Q3,9,September,2023-Sep,36,Saturday,TRUE
9/10/2023,2023,Q3,9,September,2023-Sep,36,Sunday,TRUE
9/11/2023,2023,Q3,9,September,2023-Sep,37,Monday,FALSE
9/12/2023,2023,Q3,9,September,2023-Sep,37,Tuesday,FALSE
9/13/2023,2023,Q3,9,September,2023-Sep,37,Wednesday,FALSE
9/14/2023,2023,Q3,9,September,2023-Sep,37,Thursday,FALSE
9/15/2023,2023,Q3,9,September,2023-Sep,37,Friday,FALSE
9/16/2023,2023,Q3,9,September,2023-Sep,37,Saturday,TRUE
9/17/2023,2023,Q3,9,September,2023-Sep,37,Sunday,TRUE
9/18/2023,2023,Q3,9,September,2023-Sep,38,Monday,FALSE
9/19/2023,2023,Q3,9,September,2023-Sep,38,Tuesday,FALSE
9/20/2023,2023,Q3,9,September,2023-Sep,38,Wednesday,FALSE
9/21/2023,2023,Q3,9,September,2023-Sep,38,Thursday,FALSE
9/22/2023,2023,Q3,9,September,2023-Sep,38,Friday,FALSE
9/23/2023,2023,Q3,9,September,2023-Sep,38,Saturday,TRUE
9/24/2023,2023,Q3,9,September,2023-Sep,38,Sunday,TRUE
9/25/2023,2023,Q3,9,September,2023-Sep,39,Monday,FALSE
9/26/2023,2023,Q3,9,September,2023-Sep,39,Tuesday,FALSE
9/27/2023,2023,Q3,9,September,2023-Sep,39,Wednesday,FALSE
9/28/2023,2023,Q3,9,September,2023-Sep,39,Thursday,FALSE
9/29/2023,2023,Q3,9,September,2023-Sep,39,Friday,FALSE
9/30/2023,2023,Q3,9,September,2023-Sep,39,Saturday,TRUE
10/1/2023,2023,Q4,10,October,2023-Oct,39,Sunday,TRUE
10/2/2023,2023,Q4,10,October,2023-Oct,40,Monday,FALSE
10/3/2023,2023,Q4,10,October,2023-Oct,40,Tuesday,FALSE
10/4/2023,2023,Q4,10,October,2023-Oct,40,Wednesday,FALSE
10/5/2023,2023,Q4,10,October,2023-Oct,40,Thursday,FALSE
10/6/2023,2023,Q4,10,October,2023-Oct,40,Friday,FALSE
10/7/2023,2023,Q4,10,October,2023-Oct,40,Saturday,TRUE
10/8/2023,2023,Q4,10,October,2023-Oct,40,Sunday,TRUE
10/9/2023,2023,Q4,10,October,2023-Oct,41,Monday,FALSE
10/10/2023,2023,Q4,10,October,2023-Oct,41,Tuesday,FALSE
10/11/2023,2023,Q4,10,October,2023-Oct,41,Wednesday,FALSE
10/12/2023,2023,Q4,10,October,2023-Oct,41,Thursday,FALSE
10/13/2023,2023,Q4,10,October,2023-Oct,41,Friday,FALSE
10/14/2023,2023,Q4,10,October,2023-Oct,41,Saturday,TRUE
10/15/2023,2023,Q4,10,October,2023-Oct,41,Sunday,TRUE
10/16/2023,2023,Q4,10,October,2023-Oct,42,Monday,FALSE
10/17/2023,2023,Q4,10,October,2023-Oct,42,Tuesday,FALSE
10/18/2023,2023,Q4,10,October,2023-Oct,42,Wednesday,FALSE
10/19/2023,2023,Q4,10,October,2023-Oct,42,Thursday,FALSE
10/20/2023,2023,Q4,10,October,2023-Oct,42,Friday,FALSE
10/21/2023,2023,Q4,10,October,2023-Oct,42,Saturday,TRUE
10/22/2023,2023,Q4,10,October,2023-Oct,42,Sunday,TRUE
10/23/2023,2023,Q4,10,October,2023-Oct,43,Monday,FALSE
10/24/2023,2023,Q4,10,October,2023-Oct,43,Tuesday,FALSE
10/25/2023,2023,Q4,10,October,2023-Oct,43,Wednesday,FALSE
10/26/2023,2023,Q4,10,October,2023-Oct,43,Thursday,FALSE
10/27/2023,2023,Q4,10,October,2023-Oct,43,Friday,FALSE
10/28/2023,2023,Q4,10,October,2023-Oct,43,Saturday,TRUE
10/29/2023,2023,Q4,10,October,2023-Oct,43,Sunday,TRUE
10/30/2023,2023,Q4,10,October,2023-Oct,44,Monday,FALSE
10/31/2023,2023,Q4,10,October,2023-Oct,44,Tuesday,FALSE
11/1/2023,2023,Q4,11,November,2023-Nov,44,Wednesday,FALSE
11/2/2023,2023,Q4,11,November,2023-Nov,44,Thursday,FALSE
11/3/2023,2023,Q4,11,November,2023-Nov,44,Friday,FALSE
11/4/2023,2023,Q4,11,November,2023-Nov,44,Saturday,TRUE
11/5/2023,2023,Q4,11,November,2023-Nov,44,Sunday,TRUE
11/6/2023,2023,Q4,11,November,2023-Nov,45,Monday,FALSE
11/7/2023,2023,Q4,11,November,2023-Nov,45,Tuesday,FALSE
11/8/2023,2023,Q4,11,November,2023-Nov,45,Wednesday,FALSE
11/9/2023,2023,Q4,11,November,2023-Nov,45,Thursday,FALSE
11/10/2023,2023,Q4,11,November,2023-Nov,45,Friday,FALSE
11/11/2023,2023,Q4,11,November,2023-Nov,45,Saturday,TRUE
11/12/2023,2023,Q4,11,November,2023-Nov,45,Sunday,TRUE
11/13/2023,2023,Q4,11,November,2023-Nov,46,Monday,FALSE
11/14/2023,2023,Q4,11,November,2023-Nov,46,Tuesday,FALSE
11/15/2023,2023,Q4,11,November,2023-Nov,46,Wednesday,FALSE
11/16/2023,2023,Q4,11,November,2023-Nov,46,Thursday,FALSE
11/17/2023,2023,Q4,11,November,2023-Nov,46,Friday,FALSE
11/18/2023,2023,Q4,11,November,2023-Nov,46,Saturday,TRUE
11/19/2023,2023,Q4,11,November,2023-Nov,46,Sunday,TRUE
11/20/2023,2023,Q4,11,November,2023-Nov,47,Monday,FALSE
11/21/2023,2023,Q4,11,November,2023-Nov,47,Tuesday,FALSE
11/22/2023,2023,Q4,11,November,2023-Nov,47,Wednesday,FALSE
11/23/2023,2023,Q4,11,November,2023-Nov,47,Thursday,FALSE
11/24/2023,2023,Q4,11,November,2023-Nov,47,Friday,FALSE
11/25/2023,2023,Q4,11,November,2023-Nov,47,Saturday,TRUE
11/26/2023,2023,Q4,11,November,2023-Nov,47,Sunday,TRUE
11/27/2023,2023,Q4,11,November,2023-Nov,48,Monday,FALSE
11/28/2023,2023,Q4,11,November,2023-Nov,48,Tuesday,FALSE
11/29/2023,2023,Q4,11,November,2023-Nov,48,Wednesday,FALSE
11/30/2023,2023,Q4,11,November,2023-Nov,48,Thursday,FALSE
12/1/2023,2023,Q4,12,December,2023-Dec,48,Friday,FALSE
12/2/2023,2023,Q4,12,December,2023-Dec,48,Saturday,TRUE
12/3/2023,2023,Q4,12,December,2023-Dec,48,Sunday,TRUE
12/4/2023,2023,Q4,12,December,2023-Dec,49,Monday,FALSE
12/5/2023,2023,Q4,12,December,2023-Dec,49,Tuesday,FALSE
12/6/2023,2023,Q4,12,December,2023-Dec,49,Wednesday,FALSE
12/7/2023,2023,Q4,12,December,2023-Dec,49,Thursday,FALSE
12/8/2023,2023,Q4,12,December,2023-Dec,49,Friday,FALSE
12/9/2023,2023,Q4,12,December,2023-Dec,49,Saturday,TRUE
12/10/2023,2023,Q4,12,December,2023-Dec,49,Sunday,TRUE
12/11/2023,2023,Q4,12,December,2023-Dec,50,Monday,FALSE
12/12/2023,2023,Q4,12,December,2023-Dec,50,Tuesday,FALSE
12/13/2023,2023,Q4,12,December,2023-Dec,50,Wednesday,FALSE
12/14/2023,2023,Q4,12,December,2023-Dec,50,Thursday,FALSE
12/15/2023,2023,Q4,12,December,2023-Dec,50,Friday,FALSE
12/16/2023,2023,Q4,12,December,2023-Dec,50,Saturday,TRUE
12/17/2023,2023,Q4,12,December,2023-Dec,50,Sunday,TRUE
12/18/2023,2023,Q4,12,December,2023-Dec,51,Monday,FALSE
12/19/2023,2023,Q4,12,December,2023-Dec,51,Tuesday,FALSE
12/20/2023,2023,Q4,12,December,2023-Dec,51,Wednesday,FALSE
12/21/2023,2023,Q4,12,December,2023-Dec,51,Thursday,FALSE
12/22/2023,2023,Q4,12,December,2023-Dec,51,Friday,FALSE
12/23/2023,2023,Q4,12,December,2023-Dec,51,Saturday,TRUE
12/24/2023,2023,Q4,12,December,2023-Dec,51,Sunday,TRUE
12/25/2023,2023,Q4,12,December,2023-Dec,52,Monday,FALSE
12/26/2023,2023,Q4,12,December,2023-Dec,52,Tuesday,FALSE
12/27/2023,2023,Q4,12,December,2023-Dec,52,Wednesday,FALSE
12/28/2023,2023,Q4,12,December,2023-Dec,52,Thursday,FALSE
12/29/2023,2023,Q4,12,December,2023-Dec,52,Friday,FALSE
12/30/2023,2023,Q4,12,December,2023-Dec,52,Saturday,TRUE
12/31/2023,2023,Q4,12,December,2023-Dec,52,Sunday,TRUE
1/1/2024,2024,Q1,1,January,2024-Jan,1,Monday,FALSE
1/2/2024,2024,Q1,1,January,2024-Jan,1,Tuesday,FALSE
1/3/2024,2024,Q1,1,January,2024-Jan,1,Wednesday,FALSE
1/4/2024,2024,Q1,1,January,2024-Jan,1,Thursday,FALSE
1/5/2024,2024,Q1,1,January,2024-Jan,1,Friday,FALSE
1/6/2024,2024,Q1,1,January,2024-Jan,1,Saturday,TRUE
1/7/2024,2024,Q1,1,January,2024-Jan,1,Sunday,TRUE
1/8/2024,2024,Q1,1,January,2024-Jan,2,Monday,FALSE
1/9/2024,2024,Q1,1,January,2024-Jan,2,Tuesday,FALSE
1/10/2024,2024,Q1,1,January,2024-Jan,2,Wednesday,FALSE
1/11/2024,2024,Q1,1,January,2024-Jan,2,Thursday,FALSE
1/12/2024,2024,Q1,1,January,2024-Jan,2,Friday,FALSE
1/13/2024,2024,Q1,1,January,2024-Jan,2,Saturday,TRUE
1/14/2024,2024,Q1,1,January,2024-Jan,2,Sunday,TRUE
1/15/2024,2024,Q1,1,January,2024-Jan,3,Monday,FALSE
1/16/2024,2024,Q1,1,January,2024-Jan,3,Tuesday,FALSE
1/17/2024,2024,Q1,1,January,2024-Jan,3,Wednesday,FALSE
1/18/2024,2024,Q1,1,January,2024-Jan,3,Thursday,FALSE
1/19/2024,2024,Q1,1,January,2024-Jan,3,Friday,FALSE
1/20/2024,2024,Q1,1,January,2024-Jan,3,Saturday,TRUE
1/21/2024,2024,Q1,1,January,2024-Jan,3,Sunday,TRUE
1/22/2024,2024,Q1,1,January,2024-Jan,4,Monday,FALSE
1/23/2024,2024,Q1,1,January,2024-Jan,4,Tuesday,FALSE
1/24/2024,2024,Q1,1,January,2024-Jan,4,Wednesday,FALSE
1/25/2024,2024,Q1,1,January,2024-Jan,4,Thursday,FALSE
1/26/2024,2024,Q1,1,January,2024-Jan,4,Friday,FALSE
1/27/2024,2024,Q1,1,January,2024-Jan,4,Saturday,TRUE
1/28/2024,2024,Q1,1,January,2024-Jan,4,Sunday,TRUE
1/29/2024,2024,Q1,1,January,2024-Jan,5,Monday,FALSE
1/30/2024,2024,Q1,1,January,2024-Jan,5,Tuesday,FALSE
1/31/2024,2024,Q1,1,January,2024-Jan,5,Wednesday,FALSE
2/1/2024,2024,Q1,2,February,2024-Feb,5,Thursday,FALSE
2/2/2024,2024,Q1,2,February,2024-Feb,5,Friday,FALSE
2/3/2024,2024,Q1,2,February,2024-Feb,5,Saturday,TRUE
2/4/2024,2024,Q1,2,February,2024-Feb,5,Sunday,TRUE
2/5/2024,2024,Q1,2,February,2024-Feb,6,Monday,FALSE
2/6/2024,2024,Q1,2,February,2024-Feb,6,Tuesday,FALSE
2/7/2024,2024,Q1,2,February,2024-Feb,6,Wednesday,FALSE
2/8/2024,2024,Q1,2,February,2024-Feb,6,Thursday,FALSE
2/9/2024,2024,Q1,2,February,2024-Feb,6,Friday,FALSE
2/10/2024,2024,Q1,2,February,2024-Feb,6,Saturday,TRUE
2/11/2024,2024,Q1,2,February,2024-Feb,6,Sunday,TRUE
2/12/2024,2024,Q1,2,February,2024-Feb,7,Monday,FALSE
2/13/2024,2024,Q1,2,February,2024-Feb,7,Tuesday,FALSE
2/14/2024,2024,Q1,2,February,2024-Feb,7,Wednesday,FALSE
2/15/2024,2024,Q1,2,February,2024-Feb,7,Thursday,FALSE
2/16/2024,2024,Q1,2,February,2024-Feb,7,Friday,FALSE
2/17/2024,2024,Q1,2,February,2024-Feb,7,Saturday,TRUE
2/18/2024,2024,Q1,2,February,2024-Feb,7,Sunday,TRUE
2/19/2024,2024,Q1,2,February,2024-Feb,8,Monday,FALSE
2/20/2024,2024,Q1,2,February,2024-Feb,8,Tuesday,FALSE
2/21/2024,2024,Q1,2,February,2024-Feb,8,Wednesday,FALSE
2/22/2024,2024,Q1,2,February,2024-Feb,8,Thursday,FALSE
2/23/2024,2024,Q1,2,February,2024-Feb,8,Friday,FALSE
2/24/2024,2024,Q1,2,February,2024-Feb,8,Saturday,TRUE
2/25/2024,2024,Q1,2,February,2024-Feb,8,Sunday,TRUE
2/26/2024,2024,Q1,2,February,2024-Feb,9,Monday,FALSE
2/27/2024,2024,Q1,2,February,2024-Feb,9,Tuesday,FALSE
2/28/2024,2024,Q1,2,February,2024-Feb,9,Wednesday,FALSE
2/29/2024,2024,Q1,2,February,2024-Feb,9,Thursday,FALSE
3/1/2024,2024,Q1,3,March,2024-Mar,9,Friday,FALSE
3/2/2024,2024,Q1,3,March,2024-Mar,9,Saturday,TRUE
3/3/2024,2024,Q1,3,March,2024-Mar,9,Sunday,TRUE
3/4/2024,2024,Q1,3,March,2024-Mar,10,Monday,FALSE
3/5/2024,2024,Q1,3,March,2024-Mar,10,Tuesday,FALSE
3/6/2024,2024,Q1,3,March,2024-Mar,10,Wednesday,FALSE
3/7/2024,2024,Q1,3,March,2024-Mar,10,Thursday,FALSE
3/8/2024,2024,Q1,3,March,2024-Mar,10,Friday,FALSE
3/9/2024,2024,Q1,3,March,2024-Mar,10,Saturday,TRUE
3/10/2024,2024,Q1,3,March,2024-Mar,10,Sunday,TRUE
3/11/2024,2024,Q1,3,March,2024-Mar,11,Monday,FALSE
3/12/2024,2024,Q1,3,March,2024-Mar,11,Tuesday,FALSE
3/13/2024,2024,Q1,3,March,2024-Mar,11,Wednesday,FALSE
3/14/2024,2024,Q1,3,March,2024-Mar,11,Thursday,FALSE
3/15/2024,2024,Q1,3,March,2024-Mar,11,Friday,FALSE
3/16/2024,2024,Q1,3,March,2024-Mar,11,Saturday,TRUE
3/17/2024,2024,Q1,3,March,2024-Mar,11,Sunday,TRUE
3/18/2024,2024,Q1,3,March,2024-Mar,12,Monday,FALSE
3/19/2024,2024,Q1,3,March,2024-Mar,12,Tuesday,FALSE
3/20/2024,2024,Q1,3,March,2024-Mar,12,Wednesday,FALSE
3/21/2024,2024,Q1,3,March,2024-Mar,12,Thursday,FALSE
3/22/2024,2024,Q1,3,March,2024-Mar,12,Friday,FALSE
3/23/2024,2024,Q1,3,March,2024-Mar,12,Saturday,TRUE
3/24/2024,2024,Q1,3,March,2024-Mar,12,Sunday,TRUE
3/25/2024,2024,Q1,3,March,2024-Mar,13,Monday,FALSE
3/26/2024,2024,Q1,3,March,2024-Mar,13,Tuesday,FALSE
3/27/2024,2024,Q1,3,March,2024-Mar,13,Wednesday,FALSE
3/28/2024,2024,Q1,3,March,2024-Mar,13,Thursday,FALSE
3/29/2024,2024,Q1,3,March,2024-Mar,13,Friday,FALSE
3/30/2024,2024,Q1,3,March,2024-Mar,13,Saturday,TRUE
3/31/2024,2024,Q1,3,March,2024-Mar,13,Sunday,TRUE
4/1/2024,2024,Q2,4,April,2024-Apr,14,Monday,FALSE
4/2/2024,2024,Q2,4,April,2024-Apr,14,Tuesday,FALSE
4/3/2024,2024,Q2,4,April,2024-Apr,14,Wednesday,FALSE
4/4/2024,2024,Q2,4,April,2024-Apr,14,Thursday,FALSE
4/5/2024,2024,Q2,4,April,2024-Apr,14,Friday,FALSE
4/6/2024,2024,Q2,4,April,2024-Apr,14,Saturday,TRUE
4/7/2024,2024,Q2,4,April,2024-Apr,14,Sunday,TRUE
4/8/2024,2024,Q2,4,April,2024-Apr,15,Monday,FALSE
4/9/2024,2024,Q2,4,April,2024-Apr,15,Tuesday,FALSE
4/10/2024,2024,Q2,4,April,2024-Apr,15,Wednesday,FALSE
4/11/2024,2024,Q2,4,April,2024-Apr,15,Thursday,FALSE
4/12/2024,2024,Q2,4,April,2024-Apr,15,Friday,FALSE
4/13/2024,2024,Q2,4,April,2024-Apr,15,Saturday,TRUE
4/14/2024,2024,Q2,4,April,2024-Apr,15,Sunday,TRUE
4/15/2024,2024,Q2,4,April,2024-Apr,16,Monday,FALSE
4/16/2024,2024,Q2,4,April,2024-Apr,16,Tuesday,FALSE
4/17/2024,2024,Q2,4,April,2024-Apr,16,Wednesday,FALSE
4/18/2024,2024,Q2,4,April,2024-Apr,16,Thursday,FALSE
4/19/2024,2024,Q2,4,April,2024-Apr,16,Friday,FALSE
4/20/2024,2024,Q2,4,April,2024-Apr,16,Saturday,TRUE
4/21/2024,2024,Q2,4,April,2024-Apr,16,Sunday,TRUE
4/22/2024,2024,Q2,4,April,2024-Apr,17,Monday,FALSE
4/23/2024,2024,Q2,4,April,2024-Apr,17,Tuesday,FALSE
4/24/2024,2024,Q2,4,April,2024-Apr,17,Wednesday,FALSE
4/25/2024,2024,Q2,4,April,2024-Apr,17,Thursday,FALSE
4/26/2024,2024,Q2,4,April,2024-Apr,17,Friday,FALSE
4/27/2024,2024,Q2,4,April,2024-Apr,17,Saturday,TRUE
4/28/2024,2024,Q2,4,April,2024-Apr,17,Sunday,TRUE
4/29/2024,2024,Q2,4,April,2024-Apr,18,Monday,FALSE
4/30/2024,2024,Q2,4,April,2024-Apr,18,Tuesday,FALSE
5/1/2024,2024,Q2,5,May,2024-May,18,Wednesday,FALSE
5/2/2024,2024,Q2,5,May,2024-May,18,Thursday,FALSE
5/3/2024,2024,Q2,5,May,2024-May,18,Friday,FALSE
5/4/2024,2024,Q2,5,May,2024-May,18,Saturday,TRUE
5/5/2024,2024,Q2,5,May,2024-May,18,Sunday,TRUE
5/6/2024,2024,Q2,5,May,2024-May,19,Monday,FALSE
5/7/2024,2024,Q2,5,May,2024-May,19,Tuesday,FALSE
5/8/2024,2024,Q2,5,May,2024-May,19,Wednesday,FALSE
5/9/2024,2024,Q2,5,May,2024-May,19,Thursday,FALSE
5/10/2024,2024,Q2,5,May,2024-May,19,Friday,FALSE
5/11/2024,2024,Q2,5,May,2024-May,19,Saturday,TRUE
5/12/2024,2024,Q2,5,May,2024-May,19,Sunday,TRUE
5/13/2024,2024,Q2,5,May,2024-May,20,Monday,FALSE
5/14/2024,2024,Q2,5,May,2024-May,20,Tuesday,FALSE
5/15/2024,2024,Q2,5,May,2024-May,20,Wednesday,FALSE
5/16/2024,2024,Q2,5,May,2024-May,20,Thursday,FALSE
5/17/2024,2024,Q2,5,May,2024-May,20,Friday,FALSE
5/18/2024,2024,Q2,5,May,2024-May,20,Saturday,TRUE
5/19/2024,2024,Q2,5,May,2024-May,20,Sunday,TRUE
5/20/2024,2024,Q2,5,May,2024-May,21,Monday,FALSE
5/21/2024,2024,Q2,5,May,2024-May,21,Tuesday,FALSE
5/22/2024,2024,Q2,5,May,2024-May,21,Wednesday,FALSE
5/23/2024,2024,Q2,5,May,2024-May,21,Thursday,FALSE
5/24/2024,2024,Q2,5,May,2024-May,21,Friday,FALSE
5/25/2024,2024,Q2,5,May,2024-May,21,Saturday,TRUE
5/26/2024,2024,Q2,5,May,2024-May,21,Sunday,TRUE
5/27/2024,2024,Q2,5,May,2024-May,22,Monday,FALSE
5/28/2024,2024,Q2,5,May,2024-May,22,Tuesday,FALSE
5/29/2024,2024,Q2,5,May,2024-May,22,Wednesday,FALSE
5/30/2024,2024,Q2,5,May,2024-May,22,Thursday,FALSE
5/31/2024,2024,Q2,5,May,2024-May,22,Friday,FALSE
6/1/2024,2024,Q2,6,June,2024-Jun,22,Saturday,TRUE
6/2/2024,2024,Q2,6,June,2024-Jun,22,Sunday,TRUE
6/3/2024,2024,Q2,6,June,2024-Jun,23,Monday,FALSE
6/4/2024,2024,Q2,6,June,2024-Jun,23,Tuesday,FALSE
6/5/2024,2024,Q2,6,June,2024-Jun,23,Wednesday,FALSE
6/6/2024,2024,Q2,6,June,2024-Jun,23,Thursday,FALSE
6/7/2024,2024,Q2,6,June,2024-Jun,23,Friday,FALSE
6/8/2024,2024,Q2,6,June,2024-Jun,23,Saturday,TRUE
6/9/2024,2024,Q2,6,June,2024-Jun,23,Sunday,TRUE
6/10/2024,2024,Q2,6,June,2024-Jun,24,Monday,FALSE
6/11/2024,2024,Q2,6,June,2024-Jun,24,Tuesday,FALSE
6/12/2024,2024,Q2,6,June,2024-Jun,24,Wednesday,FALSE
6/13/2024,2024,Q2,6,June,2024-Jun,24,Thursday,FALSE
6/14/2024,2024,Q2,6,June,2024-Jun,24,Friday,FALSE
6/15/2024,2024,Q2,6,June,2024-Jun,24,Saturday,TRUE
6/16/2024,2024,Q2,6,June,2024-Jun,24,Sunday,TRUE
6/17/2024,2024,Q2,6,June,2024-Jun,25,Monday,FALSE
6/18/2024,2024,Q2,6,June,2024-Jun,25,Tuesday,FALSE
6/19/2024,2024,Q2,6,June,2024-Jun,25,Wednesday,FALSE
6/20/2024,2024,Q2,6,June,2024-Jun,25,Thursday,FALSE
6/21/2024,2024,Q2,6,June,2024-Jun,25,Friday,FALSE
6/22/2024,2024,Q2,6,June,2024-Jun,25,Saturday,TRUE
6/23/2024,2024,Q2,6,June,2024-Jun,25,Sunday,TRUE
6/24/2024,2024,Q2,6,June,2024-Jun,26,Monday,FALSE
6/25/2024,2024,Q2,6,June,2024-Jun,26,Tuesday,FALSE
6/26/2024,2024,Q2,6,June,2024-Jun,26,Wednesday,FALSE
6/27/2024,2024,Q2,6,June,2024-Jun,26,Thursday,FALSE
6/28/2024,2024,Q2,6,June,2024-Jun,26,Friday,FALSE
6/29/2024,2024,Q2,6,June,2024-Jun,26,Saturday,TRUE
6/30/2024,2024,Q2,6,June,2024-Jun,26,Sunday,TRUE
7/1/2024,2024,Q3,7,July,2024-Jul,27,Monday,FALSE
7/2/2024,2024,Q3,7,July,2024-Jul,27,Tuesday,FALSE
7/3/2024,2024,Q3,7,July,2024-Jul,27,Wednesday,FALSE
7/4/2024,2024,Q3,7,July,2024-Jul,27,Thursday,FALSE
7/5/2024,2024,Q3,7,July,2024-Jul,27,Friday,FALSE
7/6/2024,2024,Q3,7,July,2024-Jul,27,Saturday,TRUE
7/7/2024,2024,Q3,7,July,2024-Jul,27,Sunday,TRUE
7/8/2024,2024,Q3,7,July,2024-Jul,28,Monday,FALSE
7/9/2024,2024,Q3,7,July,2024-Jul,28,Tuesday,FALSE
7/10/2024,2024,Q3,7,July,2024-Jul,28,Wednesday,FALSE
7/11/2024,2024,Q3,7,July,2024-Jul,28,Thursday,FALSE
7/12/2024,2024,Q3,7,July,2024-Jul,28,Friday,FALSE
7/13/2024,2024,Q3,7,July,2024-Jul,28,Saturday,TRUE
7/14/2024,2024,Q3,7,July,2024-Jul,28,Sunday,TRUE
7/15/2024,2024,Q3,7,July,2024-Jul,29,Monday,FALSE
7/16/2024,2024,Q3,7,July,2024-Jul,29,Tuesday,FALSE
7/17/2024,2024,Q3,7,July,2024-Jul,29,Wednesday,FALSE
7/18/2024,2024,Q3,7,July,2024-Jul,29,Thursday,FALSE
7/19/2024,2024,Q3,7,July,2024-Jul,29,Friday,FALSE
7/20/2024,2024,Q3,7,July,2024-Jul,29,Saturday,TRUE
7/21/2024,2024,Q3,7,July,2024-Jul,29,Sunday,TRUE
7/22/2024,2024,Q3,7,July,2024-Jul,30,Monday,FALSE
7/23/2024,2024,Q3,7,July,2024-Jul,30,Tuesday,FALSE
7/24/2024,2024,Q3,7,July,2024-Jul,30,Wednesday,FALSE
7/25/2024,2024,Q3,7,July,2024-Jul,30,Thursday,FALSE
7/26/2024,2024,Q3,7,July,2024-Jul,30,Friday,FALSE
7/27/2024,2024,Q3,7,July,2024-Jul,30,Saturday,TRUE
7/28/2024,2024,Q3,7,July,2024-Jul,30,Sunday,TRUE
7/29/2024,2024,Q3,7,July,2024-Jul,31,Monday,FALSE
7/30/2024,2024,Q3,7,July,2024-Jul,31,Tuesday,FALSE
7/31/2024,2024,Q3,7,July,2024-Jul,31,Wednesday,FALSE
8/1/2024,2024,Q3,8,August,2024-Aug,31,Thursday,FALSE
8/2/2024,2024,Q3,8,August,2024-Aug,31,Friday,FALSE
8/3/2024,2024,Q3,8,August,2024-Aug,31,Saturday,TRUE
8/4/2024,2024,Q3,8,August,2024-Aug,31,Sunday,TRUE
8/5/2024,2024,Q3,8,August,2024-Aug,32,Monday,FALSE
8/6/2024,2024,Q3,8,August,2024-Aug,32,Tuesday,FALSE
8/7/2024,2024,Q3,8,August,2024-Aug,32,Wednesday,FALSE
8/8/2024,2024,Q3,8,August,2024-Aug,32,Thursday,FALSE
8/9/2024,2024,Q3,8,August,2024-Aug,32,Friday,FALSE
8/10/2024,2024,Q3,8,August,2024-Aug,32,Saturday,TRUE
8/11/2024,2024,Q3,8,August,2024-Aug,32,Sunday,TRUE
8/12/2024,2024,Q3,8,August,2024-Aug,33,Monday,FALSE
8/13/2024,2024,Q3,8,August,2024-Aug,33,Tuesday,FALSE
8/14/2024,2024,Q3,8,August,2024-Aug,33,Wednesday,FALSE
8/15/2024,2024,Q3,8,August,2024-Aug,33,Thursday,FALSE
8/16/2024,2024,Q3,8,August,2024-Aug,33,Friday,FALSE
8/17/2024,2024,Q3,8,August,2024-Aug,33,Saturday,TRUE
8/18/2024,2024,Q3,8,August,2024-Aug,33,Sunday,TRUE
8/19/2024,2024,Q3,8,August,2024-Aug,34,Monday,FALSE
8/20/2024,2024,Q3,8,August,2024-Aug,34,Tuesday,FALSE
8/21/2024,2024,Q3,8,August,2024-Aug,34,Wednesday,FALSE
8/22/2024,2024,Q3,8,August,2024-Aug,34,Thursday,FALSE
8/23/2024,2024,Q3,8,August,2024-Aug,34,Friday,FALSE
8/24/2024,2024,Q3,8,August,2024-Aug,34,Saturday,TRUE
8/25/2024,2024,Q3,8,August,2024-Aug,34,Sunday,TRUE
8/26/2024,2024,Q3,8,August,2024-Aug,35,Monday,FALSE
8/27/2024,2024,Q3,8,August,2024-Aug,35,Tuesday,FALSE
8/28/2024,2024,Q3,8,August,2024-Aug,35,Wednesday,FALSE
8/29/2024,2024,Q3,8,August,2024-Aug,35,Thursday,FALSE
8/30/2024,2024,Q3,8,August,2024-Aug,35,Friday,FALSE
8/31/2024,2024,Q3,8,August,2024-Aug,35,Saturday,TRUE
9/1/2024,2024,Q3,9,September,2024-Sep,35,Sunday,TRUE
9/2/2024,2024,Q3,9,September,2024-Sep,36,Monday,FALSE
9/3/2024,2024,Q3,9,September,2024-Sep,36,Tuesday,FALSE
9/4/2024,2024,Q3,9,September,2024-Sep,36,Wednesday,FALSE
9/5/2024,2024,Q3,9,September,2024-Sep,36,Thursday,FALSE
9/6/2024,2024,Q3,9,September,2024-Sep,36,Friday,FALSE
9/7/2024,2024,Q3,9,September,2024-Sep,36,Saturday,TRUE
9/8/2024,2024,Q3,9,September,2024-Sep,36,Sunday,TRUE
9/9/2024,2024,Q3,9,September,2024-Sep,37,Monday,FALSE
9/10/2024,2024,Q3,9,September,2024-Sep,37,Tuesday,FALSE
9/11/2024,2024,Q3,9,September,2024-Sep,37,Wednesday,FALSE
9/12/2024,2024,Q3,9,September,2024-Sep,37,Thursday,FALSE
9/13/2024,2024,Q3,9,September,2024-Sep,37,Friday,FALSE
9/14/2024,2024,Q3,9,September,2024-Sep,37,Saturday,TRUE
9/15/2024,2024,Q3,9,September,2024-Sep,37,Sunday,TRUE
9/16/2024,2024,Q3,9,September,2024-Sep,38,Monday,FALSE
9/17/2024,2024,Q3,9,September,2024-Sep,38,Tuesday,FALSE
9/18/2024,2024,Q3,9,September,2024-Sep,38,Wednesday,FALSE
9/19/2024,2024,Q3,9,September,2024-Sep,38,Thursday,FALSE
9/20/2024,2024,Q3,9,September,2024-Sep,38,Friday,FALSE
9/21/2024,2024,Q3,9,September,2024-Sep,38,Saturday,TRUE
9/22/2024,2024,Q3,9,September,2024-Sep,38,Sunday,TRUE
9/23/2024,2024,Q3,9,September,2024-Sep,39,Monday,FALSE
9/24/2024,2024,Q3,9,September,2024-Sep,39,Tuesday,FALSE
9/25/2024,2024,Q3,9,September,2024-Sep,39,Wednesday,FALSE
9/26/2024,2024,Q3,9,September,2024-Sep,39,Thursday,FALSE
9/27/2024,2024,Q3,9,September,2024-Sep,39,Friday,FALSE
9/28/2024,2024,Q3,9,September,2024-Sep,39,Saturday,TRUE
9/29/2024,2024,Q3,9,September,2024-Sep,39,Sunday,TRUE
9/30/2024,2024,Q3,9,September,2024-Sep,40,Monday,FALSE
10/1/2024,2024,Q4,10,October,2024-Oct,40,Tuesday,FALSE
10/2/2024,2024,Q4,10,October,2024-Oct,40,Wednesday,FALSE
10/3/2024,2024,Q4,10,October,2024-Oct,40,Thursday,FALSE
10/4/2024,2024,Q4,10,October,2024-Oct,40,Friday,FALSE
10/5/2024,2024,Q4,10,October,2024-Oct,40,Saturday,TRUE
10/6/2024,2024,Q4,10,October,2024-Oct,40,Sunday,TRUE
10/7/2024,2024,Q4,10,October,2024-Oct,41,Monday,FALSE
10/8/2024,2024,Q4,10,October,2024-Oct,41,Tuesday,FALSE
10/9/2024,2024,Q4,10,October,2024-Oct,41,Wednesday,FALSE
10/10/2024,2024,Q4,10,October,2024-Oct,41,Thursday,FALSE
10/11/2024,2024,Q4,10,October,2024-Oct,41,Friday,FALSE
10/12/2024,2024,Q4,10,October,2024-Oct,41,Saturday,TRUE
10/13/2024,2024,Q4,10,October,2024-Oct,41,Sunday,TRUE
10/14/2024,2024,Q4,10,October,2024-Oct,42,Monday,FALSE
10/15/2024,2024,Q4,10,October,2024-Oct,42,Tuesday,FALSE
10/16/2024,2024,Q4,10,October,2024-Oct,42,Wednesday,FALSE
10/17/2024,2024,Q4,10,October,2024-Oct,42,Thursday,FALSE
10/18/2024,2024,Q4,10,October,2024-Oct,42,Friday,FALSE
10/19/2024,2024,Q4,10,October,2024-Oct,42,Saturday,TRUE
10/20/2024,2024,Q4,10,October,2024-Oct,42,Sunday,TRUE
10/21/2024,2024,Q4,10,October,2024-Oct,43,Monday,FALSE
10/22/2024,2024,Q4,10,October,2024-Oct,43,Tuesday,FALSE
10/23/2024,2024,Q4,10,October,2024-Oct,43,Wednesday,FALSE
10/24/2024,2024,Q4,10,October,2024-Oct,43,Thursday,FALSE
10/25/2024,2024,Q4,10,October,2024-Oct,43,Friday,FALSE
10/26/2024,2024,Q4,10,October,2024-Oct,43,Saturday,TRUE
10/27/2024,2024,Q4,10,October,2024-Oct,43,Sunday,TRUE
10/28/2024,2024,Q4,10,October,2024-Oct,44,Monday,FALSE
10/29/2024,2024,Q4,10,October,2024-Oct,44,Tuesday,FALSE
10/30/2024,2024,Q4,10,October,2024-Oct,44,Wednesday,FALSE
10/31/2024,2024,Q4,10,October,2024-Oct,44,Thursday,FALSE
11/1/2024,2024,Q4,11,November,2024-Nov,44,Friday,FALSE
11/2/2024,2024,Q4,11,November,2024-Nov,44,Saturday,TRUE
11/3/2024,2024,Q4,11,November,2024-Nov,44,Sunday,TRUE
11/4/2024,2024,Q4,11,November,2024-Nov,45,Monday,FALSE
11/5/2024,2024,Q4,11,November,2024-Nov,45,Tuesday,FALSE
11/6/2024,2024,Q4,11,November,2024-Nov,45,Wednesday,FALSE
11/7/2024,2024,Q4,11,November,2024-Nov,45,Thursday,FALSE
11/8/2024,2024,Q4,11,November,2024-Nov,45,Friday,FALSE
11/9/2024,2024,Q4,11,November,2024-Nov,45,Saturday,TRUE
11/10/2024,2024,Q4,11,November,2024-Nov,45,Sunday,TRUE
11/11/2024,2024,Q4,11,November,2024-Nov,46,Monday,FALSE
11/12/2024,2024,Q4,11,November,2024-Nov,46,Tuesday,FALSE
11/13/2024,2024,Q4,11,November,2024-Nov,46,Wednesday,FALSE
11/14/2024,2024,Q4,11,November,2024-Nov,46,Thursday,FALSE
11/15/2024,2024,Q4,11,November,2024-Nov,46,Friday,FALSE
11/16/2024,2024,Q4,11,November,2024-Nov,46,Saturday,TRUE
11/17/2024,2024,Q4,11,November,2024-Nov,46,Sunday,TRUE
11/18/2024,2024,Q4,11,November,2024-Nov,47,Monday,FALSE
11/19/2024,2024,Q4,11,November,2024-Nov,47,Tuesday,FALSE
11/20/2024,2024,Q4,11,November,2024-Nov,47,Wednesday,FALSE
11/21/2024,2024,Q4,11,November,2024-Nov,47,Thursday,FALSE
11/22/2024,2024,Q4,11,November,2024-Nov,47,Friday,FALSE
11/23/2024,2024,Q4,11,November,2024-Nov,47,Saturday,TRUE
11/24/2024,2024,Q4,11,November,2024-Nov,47,Sunday,TRUE
11/25/2024,2024,Q4,11,November,2024-Nov,48,Monday,FALSE
11/26/2024,2024,Q4,11,November,2024-Nov,48,Tuesday,FALSE
11/27/2024,2024,Q4,11,November,2024-Nov,48,Wednesday,FALSE
11/28/2024,2024,Q4,11,November,2024-Nov,48,Thursday,FALSE
11/29/2024,2024,Q4,11,November,2024-Nov,48,Friday,FALSE
11/30/2024,2024,Q4,11,November,2024-Nov,48,Saturday,TRUE
12/1/2024,2024,Q4,12,December,2024-Dec,48,Sunday,TRUE
12/2/2024,2024,Q4,12,December,2024-Dec,49,Monday,FALSE
12/3/2024,2024,Q4,12,December,2024-Dec,49,Tuesday,FALSE
12/4/2024,2024,Q4,12,December,2024-Dec,49,Wednesday,FALSE
12/5/2024,2024,Q4,12,December,2024-Dec,49,Thursday,FALSE
12/6/2024,2024,Q4,12,December,2024-Dec,49,Friday,FALSE
12/7/2024,2024,Q4,12,December,2024-Dec,49,Saturday,TRUE
12/8/2024,2024,Q4,12,December,2024-Dec,49,Sunday,TRUE
12/9/2024,2024,Q4,12,December,2024-Dec,50,Monday,FALSE
12/10/2024,2024,Q4,12,December,2024-Dec,50,Tuesday,FALSE
12/11/2024,2024,Q4,12,December,2024-Dec,50,Wednesday,FALSE
12/12/2024,2024,Q4,12,December,2024-Dec,50,Thursday,FALSE
12/13/2024,2024,Q4,12,December,2024-Dec,50,Friday,FALSE
12/14/2024,2024,Q4,12,December,2024-Dec,50,Saturday,TRUE
12/15/2024,2024,Q4,12,December,2024-Dec,50,Sunday,TRUE
12/16/2024,2024,Q4,12,December,2024-Dec,51,Monday,FALSE
12/17/2024,2024,Q4,12,December,2024-Dec,51,Tuesday,FALSE
12/18/2024,2024,Q4,12,December,2024-Dec,51,Wednesday,FALSE
12/19/2024,2024,Q4,12,December,2024-Dec,51,Thursday,FALSE
12/20/2024,2024,Q4,12,December,2024-Dec,51,Friday,FALSE
12/21/2024,2024,Q4,12,December,2024-Dec,51,Saturday,TRUE
12/22/2024,2024,Q4,12,December,2024-Dec,51,Sunday,TRUE
12/23/2024,2024,Q4,12,December,2024-Dec,52,Monday,FALSE
12/24/2024,2024,Q4,12,December,2024-Dec,52,Tuesday,FALSE
12/25/2024,2024,Q4,12,December,2024-Dec,52,Wednesday,FALSE
12/26/2024,2024,Q4,12,December,2024-Dec,52,Thursday,FALSE
12/27/2024,2024,Q4,12,December,2024-Dec,52,Friday,FALSE
12/28/2024,2024,Q4,12,December,2024-Dec,52,Saturday,TRUE
12/29/2024,2024,Q4,12,December,2024-Dec,52,Sunday,TRUE
12/30/2024,2024,Q4,12,December,2024-Dec,1,Monday,FALSE
12/31/2024,2024,Q4,12,December,2024-Dec,1,Tuesday,FALSE
